timestamp_sec,timestamp_nsec,angle_0,angle_1,angle_2,angle_3,angle_4,angle_5
1774373184,781822747,46.0,191.0,741.0,1023.0,896.0,997.0
1774373184,784474609,46.0,190.0,742.0,1023.0,896.0,997.0
1774373184,790993023,45.0,189.0,742.0,1023.0,896.0,997.0
1774373184,801620582,45.0,190.0,742.0,1023.0,896.0,997.0
1774373184,812214937,45.0,189.0,742.0,1023.0,896.0,997.0
1774373184,821227101,45.0,189.0,742.0,1023.0,896.0,997.0
1774373184,831178658,46.0,188.0,742.0,1023.0,896.0,997.0
1774373184,842552757,45.0,189.0,742.0,1023.0,896.0,997.0
1774373184,850700177,45.0,189.0,742.0,1023.0,896.0,997.0
1774373184,861213180,45.0,189.0,742.0,1023.0,896.0,997.0
1774373184,871721887,45.0,190.0,742.0,1023.0,896.0,997.0
1774373184,882995708,44.0,189.0,742.0,1023.0,896.0,997.0
1774373184,893186081,45.0,190.0,742.0,1023.0,896.0,997.0
1774373184,901665280,45.0,189.0,742.0,1023.0,896.0,997.0
1774373184,911233001,45.0,189.0,742.0,1023.0,896.0,997.0
1774373184,920792853,45.0,189.0,742.0,1023.0,896.0,997.0
1774373184,931342819,45.0,190.0,742.0,1023.0,896.0,997.0
1774373184,941372932,45.0,188.0,742.0,1023.0,896.0,998.0
1774373184,951963361,45.0,188.0,742.0,1023.0,896.0,998.0
1774373184,960957729,45.0,188.0,742.0,1023.0,896.0,998.0
1774373184,970767692,44.0,188.0,742.0,1023.0,896.0,998.0
1774373184,981542122,44.0,189.0,742.0,1023.0,896.0,998.0
1774373184,990638231,43.0,190.0,742.0,1023.0,896.0,998.0
1774373185,1147401,44.0,189.0,742.0,1023.0,896.0,998.0
1774373185,13656393,43.0,190.0,742.0,1023.0,896.0,998.0
1774373185,21034459,44.0,190.0,742.0,1023.0,896.0,998.0
1774373185,31369424,43.0,189.0,742.0,1023.0,896.0,998.0
1774373185,41333796,44.0,190.0,742.0,1023.0,896.0,998.0
1774373185,50700424,44.0,189.0,742.0,1023.0,897.0,998.0
1774373185,60989649,44.0,189.0,742.0,1023.0,897.0,998.0
1774373185,72007765,44.0,189.0,742.0,1023.0,896.0,998.0
1774373185,84240441,44.0,190.0,742.0,1023.0,897.0,998.0
1774373185,92419899,44.0,190.0,742.0,1023.0,896.0,998.0
1774373185,101214062,44.0,190.0,742.0,1023.0,897.0,998.0
1774373185,110405190,44.0,190.0,742.0,1023.0,896.0,998.0
1774373185,120699007,43.0,190.0,742.0,1023.0,897.0,998.0
1774373185,131301992,44.0,189.0,742.0,1023.0,896.0,998.0
1774373185,142782610,44.0,190.0,742.0,1023.0,896.0,998.0
1774373185,151283809,44.0,190.0,742.0,1023.0,896.0,998.0
1774373185,161490737,44.0,190.0,742.0,1023.0,896.0,998.0
1774373185,171111181,44.0,191.0,742.0,1023.0,896.0,998.0
1774373185,181581481,44.0,190.0,742.0,1023.0,896.0,998.0
1774373185,190291514,44.0,190.0,742.0,1023.0,897.0,998.0
1774373185,201921892,43.0,190.0,742.0,1023.0,897.0,998.0
1774373185,211108649,43.0,190.0,742.0,1023.0,897.0,998.0
1774373185,221701023,43.0,190.0,742.0,1023.0,897.0,998.0
1774373185,231528616,43.0,190.0,742.0,1023.0,897.0,998.0
1774373185,241161172,43.0,192.0,742.0,1023.0,897.0,998.0
1774373185,250693560,43.0,191.0,742.0,1023.0,897.0,998.0
1774373185,261160971,43.0,192.0,742.0,1023.0,897.0,998.0
1774373185,270833693,43.0,191.0,742.0,1023.0,897.0,998.0
1774373185,283139073,43.0,191.0,742.0,1023.0,897.0,998.0
1774373185,291503550,43.0,191.0,742.0,1023.0,897.0,998.0
1774373185,305077972,43.0,192.0,742.0,1023.0,897.0,998.0
1774373185,310522660,43.0,191.0,742.0,1023.0,897.0,998.0
1774373185,320796958,43.0,190.0,742.0,1023.0,897.0,998.0
1774373185,331542203,43.0,189.0,742.0,1023.0,896.0,998.0
1774373185,341988817,43.0,189.0,742.0,1023.0,897.0,998.0
1774373185,352415912,43.0,190.0,742.0,1023.0,897.0,998.0
1774373185,360612999,44.0,190.0,742.0,1023.0,897.0,998.0
1774373185,371099725,44.0,190.0,742.0,1023.0,897.0,998.0
1774373185,380668373,44.0,190.0,742.0,1023.0,897.0,998.0
1774373185,391125709,43.0,189.0,742.0,1023.0,897.0,998.0
1774373185,401584656,43.0,190.0,742.0,1023.0,897.0,998.0
1774373185,412398661,44.0,190.0,742.0,1023.0,896.0,998.0
1774373185,421988901,44.0,191.0,742.0,1023.0,897.0,998.0
1774373185,431280103,43.0,190.0,742.0,1023.0,897.0,998.0
1774373185,442796758,44.0,191.0,742.0,1023.0,897.0,998.0
1774373185,450566622,44.0,192.0,742.0,1023.0,896.0,998.0
1774373185,460780087,43.0,192.0,742.0,1023.0,896.0,998.0
1774373185,471260201,44.0,191.0,742.0,1023.0,896.0,998.0
1774373185,482381336,43.0,192.0,742.0,1023.0,896.0,998.0
1774373185,491492760,44.0,192.0,742.0,1023.0,896.0,998.0
1774373185,500772129,44.0,192.0,742.0,1023.0,896.0,999.0
1774373185,511265613,43.0,191.0,742.0,1023.0,896.0,999.0
1774373185,521588023,43.0,191.0,742.0,1023.0,896.0,999.0
1774373185,530736577,43.0,191.0,742.0,1023.0,896.0,999.0
1774373185,542104528,43.0,191.0,742.0,1023.0,896.0,999.0
1774373185,551025358,44.0,191.0,742.0,1023.0,896.0,999.0
1774373185,561902381,44.0,192.0,742.0,1023.0,896.0,999.0
1774373185,570907675,43.0,192.0,742.0,1023.0,896.0,999.0
1774373185,581690716,44.0,193.0,742.0,1023.0,896.0,999.0
1774373185,590614954,44.0,192.0,742.0,1023.0,896.0,999.0
1774373185,600870049,44.0,192.0,742.0,1023.0,896.0,999.0
1774373185,613445023,44.0,192.0,742.0,1023.0,896.0,998.0
1774373185,621695869,44.0,194.0,742.0,1023.0,896.0,998.0
1774373185,631652000,44.0,193.0,742.0,1023.0,896.0,998.0
1774373185,641024258,43.0,193.0,742.0,1023.0,896.0,998.0
1774373185,651235316,43.0,192.0,742.0,1023.0,896.0,998.0
1774373185,661509133,43.0,192.0,742.0,1023.0,896.0,998.0
1774373185,671042484,43.0,192.0,742.0,1023.0,896.0,998.0
1774373185,680957670,43.0,191.0,742.0,1023.0,896.0,998.0
1774373185,692098120,43.0,191.0,742.0,1023.0,896.0,998.0
1774373185,700828228,43.0,191.0,742.0,1023.0,896.0,998.0
1774373185,711311027,43.0,190.0,742.0,1023.0,896.0,998.0
1774373185,721757771,43.0,191.0,742.0,1023.0,896.0,998.0
1774373185,730736194,44.0,191.0,742.0,1023.0,896.0,998.0
1774373185,742210812,43.0,191.0,742.0,1023.0,896.0,998.0
1774373185,751703960,43.0,192.0,742.0,1023.0,896.0,998.0
1774373185,761329515,43.0,192.0,742.0,1023.0,896.0,998.0
1774373185,770595513,43.0,191.0,742.0,1023.0,896.0,998.0
1774373185,781116794,43.0,192.0,742.0,1023.0,896.0,998.0
1774373185,791611020,43.0,193.0,742.0,1023.0,896.0,998.0
1774373185,800672869,43.0,192.0,742.0,1023.0,896.0,998.0
1774373185,811121854,43.0,192.0,742.0,1023.0,896.0,998.0
1774373185,821572801,44.0,192.0,742.0,1023.0,896.0,998.0
1774373185,833070808,44.0,192.0,742.0,1023.0,896.0,998.0
1774373185,840991153,43.0,192.0,742.0,1023.0,896.0,998.0
1774373185,850716672,43.0,192.0,742.0,1023.0,896.0,998.0
1774373185,861372768,42.0,192.0,742.0,1023.0,896.0,998.0
1774373185,870881823,43.0,191.0,742.0,1023.0,896.0,998.0
1774373185,883246074,43.0,192.0,741.0,1023.0,896.0,998.0
1774373185,891464995,43.0,192.0,741.0,1023.0,896.0,998.0
1774373185,902339870,43.0,192.0,741.0,1023.0,896.0,998.0
1774373185,912036684,43.0,192.0,741.0,1023.0,896.0,998.0
1774373185,921138812,43.0,192.0,741.0,1023.0,896.0,998.0
1774373185,931968427,43.0,192.0,741.0,1023.0,896.0,998.0
1774373185,941686446,43.0,193.0,741.0,1023.0,896.0,998.0
1774373185,952396487,43.0,194.0,741.0,1023.0,896.0,998.0
1774373185,961591615,43.0,194.0,741.0,1023.0,896.0,998.0
1774373185,970514390,43.0,193.0,741.0,1023.0,896.0,998.0
1774373185,981558432,43.0,193.0,741.0,1023.0,896.0,998.0
1774373185,990801412,43.0,192.0,741.0,1023.0,896.0,998.0
1774373186,2203030,43.0,192.0,741.0,1023.0,896.0,998.0
1774373186,11679362,43.0,192.0,740.0,1023.0,896.0,998.0
1774373186,21156824,43.0,192.0,740.0,1023.0,896.0,998.0
1774373186,32169200,42.0,192.0,740.0,1023.0,896.0,998.0
1774373186,42028682,42.0,192.0,740.0,1023.0,897.0,998.0
1774373186,50502733,42.0,191.0,740.0,1023.0,897.0,998.0
1774373186,61075996,42.0,192.0,740.0,1023.0,897.0,998.0
1774373186,71461517,42.0,192.0,740.0,1023.0,897.0,998.0
1774373186,82672708,42.0,192.0,740.0,1023.0,897.0,998.0
1774373186,90912610,43.0,191.0,740.0,1023.0,897.0,998.0
1774373186,103162564,42.0,192.0,740.0,1023.0,896.0,998.0
1774373186,110907205,41.0,192.0,740.0,1023.0,896.0,998.0
1774373186,121097966,41.0,191.0,740.0,1023.0,896.0,998.0
1774373186,131844989,40.0,192.0,740.0,1023.0,896.0,998.0
1774373186,141821879,40.0,192.0,740.0,1023.0,897.0,998.0
1774373186,152304364,39.0,192.0,740.0,1023.0,897.0,998.0
1774373186,161489973,39.0,192.0,740.0,1023.0,897.0,998.0
1774373186,171325474,39.0,192.0,740.0,1023.0,897.0,998.0
1774373186,180737787,38.0,192.0,740.0,1023.0,897.0,998.0
1774373186,191206364,38.0,192.0,740.0,1023.0,897.0,998.0
1774373186,201807516,37.0,192.0,740.0,1023.0,897.0,998.0
1774373186,212214204,37.0,193.0,740.0,1023.0,897.0,998.0
1774373186,222989912,35.0,193.0,740.0,1023.0,897.0,998.0
1774373186,231820724,35.0,191.0,740.0,1023.0,897.0,998.0
1774373186,241099241,34.0,191.0,740.0,1023.0,897.0,998.0
1774373186,251204353,34.0,191.0,740.0,1023.0,897.0,998.0
1774373186,261259910,33.0,190.0,740.0,1023.0,897.0,998.0
1774373186,271005485,33.0,191.0,740.0,1023.0,897.0,998.0
1774373186,282890956,33.0,191.0,740.0,1023.0,897.0,998.0
1774373186,290884005,32.0,189.0,740.0,1023.0,897.0,998.0
1774373186,302049844,33.0,190.0,740.0,1023.0,897.0,998.0
1774373186,310613118,32.0,190.0,740.0,1023.0,897.0,998.0
1774373186,321298344,32.0,190.0,740.0,1023.0,897.0,998.0
1774373186,330774732,32.0,191.0,740.0,1023.0,897.0,998.0
1774373186,340915382,32.0,190.0,740.0,1023.0,897.0,998.0
1774373186,351108866,32.0,190.0,740.0,1023.0,897.0,998.0
1774373186,361340201,32.0,191.0,740.0,1023.0,897.0,998.0
1774373186,371728408,32.0,192.0,740.0,1023.0,897.0,998.0
1774373186,381393037,32.0,192.0,740.0,1023.0,897.0,998.0
1774373186,390804684,32.0,193.0,740.0,1023.0,897.0,998.0
1774373186,401125557,32.0,193.0,740.0,1023.0,897.0,998.0
1774373186,411582449,32.0,192.0,741.0,1023.0,897.0,998.0
1774373186,422330453,32.0,192.0,741.0,1023.0,897.0,998.0
1774373186,432284565,32.0,193.0,741.0,1023.0,897.0,998.0
1774373186,441875658,32.0,193.0,741.0,1023.0,898.0,998.0
1774373186,450436672,32.0,193.0,741.0,1023.0,898.0,998.0
1774373186,461208046,32.0,192.0,740.0,1023.0,898.0,998.0
1774373186,471539679,32.0,193.0,741.0,1023.0,897.0,998.0
1774373186,482028256,32.0,192.0,741.0,1023.0,897.0,998.0
1774373186,491522663,32.0,192.0,741.0,1023.0,898.0,998.0
1774373186,501034310,32.0,192.0,741.0,1023.0,898.0,998.0
1774373186,510913200,31.0,193.0,741.0,1023.0,898.0,998.0
1774373186,521049831,31.0,192.0,741.0,1023.0,897.0,998.0
1774373186,531704372,31.0,193.0,741.0,1023.0,897.0,998.0
1774373186,541694688,31.0,193.0,741.0,1023.0,897.0,998.0
1774373186,552386433,32.0,192.0,741.0,1023.0,897.0,998.0
1774373186,562552231,31.0,193.0,740.0,1023.0,897.0,998.0
1774373186,571107171,31.0,193.0,740.0,1023.0,898.0,998.0
1774373186,580453503,31.0,193.0,740.0,1023.0,898.0,998.0
1774373186,590738283,31.0,193.0,740.0,1023.0,898.0,998.0
1774373186,601164286,31.0,193.0,740.0,1023.0,898.0,998.0
1774373186,611725419,31.0,194.0,740.0,1023.0,898.0,998.0
1774373186,621748754,31.0,194.0,740.0,1023.0,898.0,998.0
1774373186,632587925,31.0,195.0,740.0,1023.0,898.0,998.0
1774373186,641870053,31.0,195.0,740.0,1023.0,898.0,998.0
1774373186,650558994,31.0,195.0,741.0,1023.0,898.0,998.0
1774373186,660758922,31.0,194.0,740.0,1023.0,898.0,998.0
1774373186,671650482,31.0,194.0,740.0,1023.0,898.0,998.0
1774373186,681901743,31.0,194.0,740.0,1023.0,899.0,998.0
1774373186,691552780,31.0,193.0,740.0,1023.0,899.0,998.0
1774373186,701828542,31.0,194.0,740.0,1023.0,899.0,998.0
1774373186,710557779,31.0,192.0,740.0,1023.0,899.0,998.0
1774373186,720713707,30.0,191.0,740.0,1023.0,899.0,998.0
1774373186,731795101,29.0,191.0,740.0,1023.0,899.0,998.0
1774373186,742070715,29.0,191.0,740.0,1023.0,899.0,998.0
1774373186,751550899,27.0,192.0,740.0,1023.0,899.0,998.0
1774373186,761206917,27.0,193.0,740.0,1023.0,899.0,998.0
1774373186,770499138,27.0,193.0,740.0,1023.0,899.0,998.0
1774373186,781041901,26.0,192.0,740.0,1023.0,899.0,998.0
1774373186,791526571,26.0,193.0,740.0,1023.0,899.0,998.0
1774373186,800728606,26.0,193.0,740.0,1023.0,899.0,998.0
1774373186,811550462,25.0,194.0,740.0,1023.0,900.0,998.0
1774373186,820630793,24.0,193.0,740.0,1023.0,899.0,998.0
1774373186,830775017,23.0,193.0,740.0,1023.0,900.0,998.0
1774373186,840285517,23.0,193.0,740.0,1023.0,900.0,998.0
1774373186,850506889,22.0,193.0,740.0,1023.0,900.0,998.0
1774373186,860773595,22.0,193.0,740.0,1023.0,900.0,997.0
1774373186,871291876,22.0,194.0,739.0,1023.0,900.0,997.0
1774373186,882191159,21.0,195.0,739.0,1023.0,899.0,997.0
1774373186,891337379,22.0,196.0,739.0,1023.0,899.0,997.0
1774373186,902126753,22.0,195.0,739.0,1023.0,899.0,997.0
1774373186,910655305,22.0,197.0,739.0,1023.0,899.0,997.0
1774373186,920788843,22.0,197.0,739.0,1023.0,899.0,997.0
1774373186,931557366,22.0,197.0,739.0,1023.0,899.0,997.0
1774373186,941282681,22.0,196.0,739.0,1023.0,899.0,997.0
1774373186,954193138,22.0,197.0,739.0,1023.0,899.0,997.0
1774373186,961161202,22.0,198.0,740.0,1023.0,899.0,997.0
1774373186,971055480,22.0,197.0,740.0,1023.0,899.0,997.0
1774373186,980642498,22.0,198.0,739.0,1023.0,899.0,997.0
1774373186,990809741,22.0,198.0,739.0,1023.0,899.0,997.0
1774373187,1220355,22.0,197.0,739.0,1023.0,899.0,996.0
1774373187,11505728,21.0,198.0,738.0,1023.0,899.0,996.0
1774373187,21952694,21.0,197.0,738.0,1023.0,899.0,996.0
1774373187,30417411,21.0,198.0,738.0,1023.0,899.0,996.0
1774373187,40740692,21.0,199.0,738.0,1023.0,899.0,996.0
1774373187,51142491,21.0,198.0,738.0,1023.0,899.0,996.0
1774373187,61623883,21.0,198.0,738.0,1023.0,899.0,996.0
1774373187,70816881,21.0,197.0,738.0,1023.0,899.0,996.0
1774373187,82092906,21.0,198.0,738.0,1023.0,899.0,996.0
1774373187,91113644,21.0,199.0,738.0,1023.0,899.0,996.0
1774373187,101329516,21.0,199.0,738.0,1023.0,899.0,996.0
1774373187,110708645,21.0,198.0,738.0,1023.0,899.0,996.0
1774373187,121046981,21.0,198.0,738.0,1023.0,899.0,996.0
1774373187,131557595,21.0,198.0,738.0,1023.0,899.0,996.0
1774373187,141875135,21.0,198.0,738.0,1023.0,899.0,996.0
1774373187,152189767,22.0,197.0,738.0,1023.0,899.0,996.0
1774373187,161484321,22.0,198.0,738.0,1023.0,899.0,996.0
1774373187,170351095,22.0,198.0,738.0,1023.0,899.0,996.0
1774373187,181510083,21.0,199.0,738.0,1023.0,899.0,996.0
1774373187,191153027,22.0,199.0,738.0,1023.0,899.0,996.0
1774373187,201440807,22.0,199.0,738.0,1023.0,899.0,996.0
1774373187,211539846,22.0,199.0,738.0,1023.0,899.0,996.0
1774373187,222004738,22.0,199.0,738.0,1023.0,899.0,996.0
1774373187,231165939,23.0,200.0,738.0,1023.0,899.0,996.0
1774373187,240289845,22.0,199.0,738.0,1023.0,899.0,996.0
1774373187,250780885,22.0,200.0,738.0,1023.0,899.0,996.0
1774373187,261083387,22.0,200.0,737.0,1023.0,899.0,996.0
1774373187,271634002,22.0,201.0,737.0,1023.0,899.0,996.0
1774373187,283807863,22.0,201.0,737.0,1023.0,899.0,996.0
1774373187,290524611,22.0,201.0,737.0,1023.0,899.0,996.0
1774373187,302082230,22.0,200.0,737.0,1023.0,899.0,996.0
1774373187,311131468,21.0,200.0,737.0,1023.0,899.0,996.0
1774373187,320406763,21.0,201.0,737.0,1023.0,899.0,996.0
1774373187,330836469,21.0,201.0,737.0,1023.0,899.0,996.0
1774373187,342626274,21.0,201.0,737.0,1023.0,899.0,996.0
1774373187,351984069,20.0,202.0,737.0,1023.0,899.0,996.0
1774373187,361568569,20.0,202.0,737.0,1023.0,899.0,996.0
1774373187,370564325,20.0,200.0,737.0,1023.0,899.0,996.0
1774373187,380699883,20.0,201.0,737.0,1023.0,899.0,995.0
1774373187,391163163,20.0,201.0,737.0,1023.0,899.0,995.0
1774373187,401673648,21.0,201.0,737.0,1023.0,899.0,995.0
1774373187,411615075,21.0,202.0,737.0,1023.0,899.0,995.0
1774373187,421500650,21.0,201.0,737.0,1023.0,899.0,995.0
1774373187,431001853,21.0,200.0,737.0,1023.0,899.0,995.0
1774373187,441704153,21.0,202.0,737.0,1023.0,899.0,995.0
1774373187,450417539,21.0,201.0,737.0,1023.0,899.0,995.0
1774373187,461024042,21.0,202.0,737.0,1023.0,899.0,995.0
1774373187,471442638,21.0,202.0,737.0,1023.0,899.0,995.0
1774373187,484016149,21.0,202.0,737.0,1023.0,899.0,995.0
1774373187,490683637,21.0,201.0,737.0,1023.0,899.0,995.0
1774373187,501386215,21.0,201.0,737.0,1023.0,899.0,995.0
1774373187,510834511,21.0,201.0,737.0,1023.0,899.0,995.0
1774373187,521050994,20.0,201.0,737.0,1023.0,899.0,995.0
1774373187,531515682,21.0,201.0,737.0,1023.0,899.0,995.0
1774373187,541018663,21.0,200.0,737.0,1023.0,899.0,995.0
1774373187,552072872,21.0,200.0,737.0,1023.0,899.0,995.0
1774373187,562041466,21.0,201.0,737.0,1023.0,899.0,995.0
1774373187,570486869,21.0,201.0,737.0,1023.0,899.0,995.0
1774373187,580920946,21.0,200.0,737.0,1023.0,899.0,995.0
1774373187,591368189,21.0,200.0,737.0,1023.0,899.0,995.0
1774373187,600697596,21.0,200.0,737.0,1023.0,899.0,995.0
1774373187,611786268,21.0,201.0,737.0,1023.0,899.0,995.0
1774373187,621743028,21.0,200.0,737.0,1023.0,899.0,995.0
1774373187,631876308,22.0,200.0,737.0,1023.0,899.0,995.0
1774373187,642149273,21.0,200.0,737.0,1023.0,899.0,995.0
1774373187,650685102,21.0,200.0,737.0,1023.0,899.0,995.0
1774373187,661285050,21.0,201.0,737.0,1023.0,899.0,995.0
1774373187,670795753,21.0,201.0,737.0,1023.0,899.0,995.0
1774373187,683034504,20.0,201.0,737.0,1023.0,899.0,995.0
1774373187,691122127,21.0,201.0,737.0,1023.0,899.0,995.0
1774373187,701897446,21.0,201.0,737.0,1023.0,899.0,995.0
1774373187,711289704,20.0,201.0,737.0,1023.0,899.0,995.0
1774373187,721547170,20.0,200.0,737.0,1023.0,899.0,995.0
1774373187,730809279,20.0,200.0,737.0,1023.0,899.0,995.0
1774373187,741718099,20.0,200.0,737.0,1023.0,899.0,995.0
1774373187,753001364,20.0,200.0,737.0,1023.0,899.0,995.0
1774373187,761593916,20.0,200.0,737.0,1023.0,899.0,995.0
1774373187,770657728,20.0,201.0,737.0,1023.0,899.0,995.0
1774373187,781088231,20.0,201.0,737.0,1023.0,898.0,995.0
1774373187,791478623,20.0,201.0,737.0,1023.0,898.0,995.0
1774373187,800881973,20.0,200.0,737.0,1023.0,899.0,995.0
1774373187,812165943,20.0,200.0,737.0,1023.0,899.0,995.0
1774373187,821338070,20.0,199.0,737.0,1023.0,899.0,995.0
1774373187,831161960,20.0,200.0,737.0,1023.0,899.0,995.0
1774373187,841634722,20.0,200.0,737.0,1023.0,899.0,995.0
1774373187,850366422,20.0,200.0,737.0,1023.0,898.0,995.0
1774373187,860788796,20.0,200.0,737.0,1023.0,898.0,995.0
1774373187,871210243,20.0,200.0,737.0,1023.0,899.0,995.0
1774373187,883110825,20.0,200.0,737.0,1023.0,898.0,995.0
1774373187,890683410,20.0,201.0,737.0,1023.0,898.0,995.0
1774373187,900888708,20.0,201.0,737.0,1023.0,898.0,995.0
1774373187,911001784,19.0,200.0,737.0,1023.0,898.0,995.0
1774373187,921254101,19.0,199.0,737.0,1023.0,898.0,995.0
1774373187,931707752,19.0,200.0,737.0,1023.0,898.0,995.0
1774373187,941422549,20.0,200.0,737.0,1023.0,897.0,995.0
1774373187,953812189,20.0,202.0,737.0,1023.0,897.0,995.0
1774373187,960666678,20.0,201.0,737.0,1023.0,897.0,995.0
1774373187,971065829,20.0,201.0,737.0,1023.0,897.0,995.0
1774373187,980851033,20.0,201.0,737.0,1023.0,897.0,995.0
1774373187,991149721,20.0,201.0,737.0,1023.0,897.0,995.0
1774373188,1920762,20.0,200.0,737.0,1023.0,897.0,995.0
1774373188,12050930,20.0,200.0,737.0,1023.0,896.0,995.0
1774373188,20832705,19.0,201.0,737.0,1023.0,896.0,995.0
1774373188,31621191,19.0,201.0,737.0,1023.0,896.0,995.0
1774373188,41765526,19.0,201.0,737.0,1023.0,896.0,994.0
1774373188,50776357,19.0,201.0,737.0,1023.0,896.0,994.0
1774373188,61142415,20.0,201.0,737.0,1023.0,896.0,994.0
1774373188,71676863,19.0,201.0,737.0,1023.0,896.0,994.0
1774373188,82472793,19.0,200.0,737.0,1023.0,896.0,994.0
1774373188,91053641,19.0,200.0,737.0,1023.0,896.0,994.0
1774373188,101316124,19.0,200.0,737.0,1023.0,896.0,994.0
1774373188,111211644,19.0,200.0,737.0,1023.0,896.0,994.0
1774373188,120569328,19.0,201.0,737.0,1023.0,896.0,994.0
1774373188,131051201,19.0,200.0,737.0,1023.0,896.0,994.0
1774373188,142587153,19.0,200.0,737.0,1023.0,896.0,994.0
1774373188,151627984,19.0,200.0,736.0,1023.0,896.0,994.0
1774373188,161509614,19.0,200.0,736.0,1023.0,896.0,994.0
1774373188,170677742,19.0,201.0,737.0,1023.0,896.0,994.0
1774373188,181491080,18.0,202.0,737.0,1023.0,896.0,994.0
1774373188,190774782,18.0,202.0,737.0,1023.0,895.0,994.0
1774373188,201244044,19.0,202.0,737.0,1023.0,895.0,994.0
1774373188,211372657,19.0,202.0,737.0,1023.0,896.0,994.0
1774373188,222817312,18.0,202.0,737.0,1023.0,896.0,994.0
1774373188,231661716,18.0,201.0,737.0,1023.0,896.0,994.0
1774373188,241205679,18.0,202.0,737.0,1023.0,896.0,994.0
1774373188,250616937,18.0,201.0,737.0,1023.0,895.0,994.0
1774373188,261106403,18.0,200.0,737.0,1023.0,895.0,994.0
1774373188,271694518,18.0,200.0,737.0,1023.0,895.0,994.0
1774373188,283842009,18.0,200.0,737.0,1023.0,895.0,994.0
1774373188,290899888,18.0,200.0,737.0,1023.0,895.0,994.0
1774373188,300791296,18.0,200.0,737.0,1023.0,895.0,994.0
1774373188,311459948,18.0,200.0,737.0,1023.0,894.0,994.0
1774373188,321514690,18.0,202.0,737.0,1023.0,894.0,994.0
1774373188,331079653,18.0,201.0,737.0,1023.0,894.0,994.0
1774373188,342149510,18.0,201.0,737.0,1023.0,895.0,994.0
1774373188,352113659,18.0,201.0,737.0,1023.0,895.0,994.0
1774373188,361792233,18.0,202.0,737.0,1023.0,895.0,994.0
1774373188,371166917,19.0,201.0,737.0,1023.0,894.0,994.0
1774373188,380460268,18.0,202.0,737.0,1023.0,894.0,994.0
1774373188,390717177,18.0,201.0,737.0,1023.0,894.0,994.0
1774373188,401015347,18.0,201.0,737.0,1023.0,895.0,994.0
1774373188,412429964,18.0,202.0,737.0,1023.0,895.0,994.0
1774373188,421543203,17.0,201.0,737.0,1023.0,895.0,994.0
1774373188,431875483,18.0,201.0,737.0,1023.0,895.0,994.0
1774373188,441087722,18.0,202.0,737.0,1023.0,895.0,994.0
1774373188,451249243,19.0,202.0,737.0,1023.0,895.0,994.0
1774373188,461681375,18.0,201.0,737.0,1023.0,895.0,994.0
1774373188,471319634,18.0,202.0,737.0,1023.0,895.0,994.0
1774373188,483396792,18.0,201.0,737.0,1023.0,895.0,994.0
1774373188,490805061,18.0,202.0,737.0,1023.0,896.0,994.0
1774373188,501431157,18.0,203.0,737.0,1023.0,896.0,994.0
1774373188,511160694,18.0,203.0,737.0,1023.0,896.0,994.0
1774373188,521460938,18.0,202.0,737.0,1023.0,896.0,994.0
1774373188,531154678,18.0,202.0,737.0,1023.0,896.0,994.0
1774373188,540784771,18.0,202.0,737.0,1023.0,896.0,994.0
1774373188,553535412,18.0,203.0,737.0,1023.0,896.0,994.0
1774373188,561510980,18.0,202.0,737.0,1023.0,895.0,994.0
1774373188,570718608,18.0,202.0,737.0,1023.0,895.0,994.0
1774373188,581325371,18.0,202.0,737.0,1023.0,895.0,994.0
1774373188,591504262,18.0,202.0,737.0,1023.0,895.0,994.0
1774373188,601001187,18.0,201.0,737.0,1023.0,895.0,994.0
1774373188,611832858,18.0,202.0,737.0,1023.0,896.0,994.0
1774373188,620850207,18.0,202.0,737.0,1023.0,896.0,994.0
1774373188,631341044,18.0,202.0,737.0,1023.0,896.0,994.0
1774373188,641346564,18.0,201.0,737.0,1023.0,896.0,994.0
1774373188,651479584,18.0,200.0,737.0,1023.0,896.0,994.0
1774373188,662053717,17.0,200.0,737.0,1023.0,896.0,994.0
1774373188,671204696,17.0,200.0,737.0,1023.0,896.0,994.0
1774373188,682613314,17.0,200.0,737.0,1023.0,895.0,994.0
1774373188,691145088,17.0,201.0,737.0,1023.0,895.0,994.0
1774373188,701380497,17.0,202.0,737.0,1023.0,896.0,994.0
1774373188,711290313,17.0,202.0,737.0,1023.0,896.0,994.0
1774373188,720607127,16.0,201.0,737.0,1023.0,896.0,994.0
1774373188,731015703,17.0,202.0,737.0,1023.0,896.0,994.0
1774373188,742585155,17.0,201.0,737.0,1023.0,896.0,994.0
1774373188,752466563,17.0,201.0,737.0,1023.0,896.0,994.0
1774373188,761550024,17.0,201.0,737.0,1023.0,896.0,994.0
1774373188,770508910,17.0,201.0,737.0,1023.0,896.0,995.0
1774373188,780780320,17.0,201.0,737.0,1023.0,895.0,994.0
1774373188,791321509,17.0,200.0,737.0,1023.0,895.0,994.0
1774373188,800899842,17.0,201.0,737.0,1023.0,896.0,995.0
1774373188,812269644,17.0,201.0,737.0,1023.0,896.0,995.0
1774373188,820965622,17.0,202.0,737.0,1023.0,896.0,995.0
1774373188,832621352,17.0,202.0,737.0,1023.0,896.0,995.0
1774373188,841914221,17.0,202.0,737.0,1023.0,896.0,995.0
1774373188,850793459,16.0,201.0,737.0,1023.0,896.0,995.0
1774373188,861232702,16.0,202.0,737.0,1023.0,896.0,995.0
1774373188,871713094,16.0,201.0,737.0,1023.0,895.0,995.0
1774373188,883394769,15.0,202.0,737.0,1023.0,895.0,995.0
1774373188,890509370,16.0,202.0,737.0,1023.0,896.0,995.0
1774373188,901413560,16.0,202.0,737.0,1023.0,896.0,995.0
1774373188,910889300,16.0,202.0,737.0,1023.0,896.0,995.0
1774373188,921337488,16.0,203.0,737.0,1023.0,896.0,995.0
1774373188,930884654,16.0,202.0,737.0,1023.0,896.0,995.0
1774373188,941358954,16.0,202.0,737.0,1023.0,896.0,995.0
1774373188,952457033,16.0,202.0,737.0,1023.0,896.0,995.0
1774373188,961917014,16.0,202.0,737.0,1023.0,896.0,995.0
1774373188,971266772,16.0,202.0,737.0,1023.0,896.0,995.0
1774373188,981319125,16.0,202.0,737.0,1023.0,896.0,995.0
1774373188,991411516,16.0,201.0,737.0,1023.0,896.0,995.0
1774373189,805348,15.0,202.0,737.0,1023.0,896.0,995.0
1774373189,12231522,15.0,203.0,737.0,1023.0,896.0,995.0
1774373189,21885559,16.0,203.0,737.0,1023.0,896.0,995.0
1774373189,31309224,15.0,202.0,737.0,1023.0,896.0,995.0
1774373189,42017136,15.0,202.0,737.0,1023.0,896.0,995.0
1774373189,51090245,16.0,201.0,737.0,1023.0,896.0,995.0
1774373189,61545044,16.0,200.0,737.0,1023.0,896.0,995.0
1774373189,70896839,15.0,202.0,737.0,1023.0,896.0,995.0
1774373189,82166308,16.0,202.0,737.0,1023.0,896.0,994.0
1774373189,91398362,15.0,201.0,737.0,1023.0,896.0,995.0
1774373189,101300567,15.0,200.0,737.0,1023.0,896.0,995.0
1774373189,112523869,16.0,201.0,737.0,1023.0,896.0,995.0
1774373189,121448107,15.0,201.0,737.0,1023.0,896.0,995.0
1774373189,130883476,16.0,202.0,737.0,1023.0,896.0,995.0
1774373189,142406150,15.0,201.0,737.0,1023.0,896.0,995.0
1774373189,151450333,15.0,201.0,737.0,1023.0,896.0,995.0
1774373189,161102611,15.0,200.0,737.0,1023.0,896.0,995.0
1774373189,171770985,15.0,201.0,737.0,1023.0,896.0,995.0
1774373189,181087835,16.0,202.0,737.0,1023.0,896.0,995.0
1774373189,190817984,15.0,202.0,737.0,1023.0,896.0,995.0
1774373189,201247672,15.0,203.0,737.0,1023.0,896.0,995.0
1774373189,211818305,15.0,202.0,737.0,1023.0,896.0,995.0
1774373189,222630680,14.0,202.0,737.0,1023.0,896.0,995.0
1774373189,231172768,14.0,203.0,737.0,1023.0,896.0,995.0
1774373189,242285996,14.0,203.0,737.0,1023.0,896.0,995.0
1774373189,251110178,14.0,203.0,737.0,1023.0,896.0,995.0
1774373189,261854108,14.0,205.0,737.0,1023.0,896.0,995.0
1774373189,271080791,13.0,207.0,737.0,1023.0,896.0,995.0
1774373189,282529631,13.0,210.0,737.0,1023.0,896.0,995.0
1774373189,291856112,13.0,215.0,737.0,1023.0,896.0,995.0
1774373189,301046628,11.0,220.0,737.0,1023.0,897.0,995.0
1774373189,312279153,10.0,225.0,738.0,1023.0,897.0,995.0
1774373189,321049668,9.0,231.0,738.0,1023.0,897.0,995.0
1774373189,331854043,7.0,237.0,739.0,1023.0,898.0,995.0
1774373189,342146712,6.0,244.0,740.0,1023.0,898.0,995.0
1774373189,351333821,5.0,250.0,740.0,1023.0,898.0,995.0
1774373189,361544119,4.0,257.0,741.0,1023.0,899.0,995.0
1774373189,370278208,4.0,266.0,742.0,1023.0,899.0,995.0
1774373189,380822286,3.0,275.0,743.0,1023.0,900.0,995.0
1774373189,391118844,3.0,285.0,744.0,1023.0,901.0,995.0
1774373189,400626566,2.0,293.0,745.0,1023.0,901.0,995.0
1774373189,413071058,1.0,299.0,747.0,1023.0,901.0,994.0
1774373189,421364756,1.0,304.0,749.0,1023.0,901.0,993.0
1774373189,431838352,0.0,306.0,751.0,1023.0,901.0,993.0
1774373189,441353555,0.0,308.0,754.0,1023.0,901.0,992.0
1774373189,451351815,0.0,312.0,756.0,1023.0,901.0,992.0
1774373189,460622147,0.0,315.0,760.0,1023.0,902.0,992.0
1774373189,471112613,0.0,319.0,763.0,1023.0,903.0,992.0
1774373189,482135526,0.0,324.0,768.0,1023.0,906.0,992.0
1774373189,490723596,0.0,331.0,773.0,1023.0,909.0,992.0
1774373189,500792523,0.0,340.0,779.0,1023.0,912.0,992.0
1774373189,510901470,0.0,354.0,784.0,1023.0,918.0,993.0
1774373189,521426288,0.0,370.0,790.0,1023.0,924.0,993.0
1774373189,532020828,0.0,388.0,795.0,1023.0,930.0,994.0
1774373189,542714851,0.0,406.0,801.0,1023.0,935.0,994.0
1774373189,552339258,0.0,423.0,807.0,1023.0,939.0,995.0
1774373189,562193722,0.0,441.0,814.0,1023.0,944.0,994.0
1774373189,570848736,0.0,458.0,821.0,1023.0,949.0,994.0
1774373189,580355365,2.0,475.0,829.0,1023.0,954.0,995.0
1774373189,590764516,4.0,491.0,837.0,1023.0,958.0,995.0
1774373189,601176038,7.0,508.0,846.0,1023.0,962.0,995.0
1774373189,611613133,9.0,525.0,854.0,1023.0,965.0,995.0
1774373189,622758176,12.0,543.0,864.0,1023.0,969.0,995.0
1774373189,630470687,14.0,559.0,873.0,1023.0,972.0,995.0
1774373189,640596967,16.0,571.0,883.0,1023.0,975.0,995.0
1774373189,650642820,18.0,580.0,892.0,1023.0,978.0,995.0
1774373189,661178768,20.0,586.0,901.0,1023.0,980.0,995.0
1774373189,670581896,22.0,590.0,909.0,1023.0,982.0,995.0
1774373189,683188926,22.0,593.0,917.0,1023.0,983.0,995.0
1774373189,691370587,23.0,596.0,925.0,1023.0,984.0,995.0
1774373189,701200662,23.0,600.0,934.0,1023.0,984.0,994.0
1774373189,711364164,24.0,602.0,941.0,1023.0,985.0,994.0
1774373189,720726107,24.0,604.0,948.0,1023.0,985.0,993.0
1774373189,731424500,24.0,606.0,953.0,1023.0,985.0,993.0
1774373189,742167189,25.0,608.0,957.0,1023.0,985.0,992.0
1774373189,753086194,25.0,610.0,961.0,1023.0,985.0,992.0
1774373189,760584834,25.0,612.0,963.0,1023.0,986.0,992.0
1774373189,772186193,26.0,612.0,966.0,1023.0,985.0,992.0
1774373189,780970042,26.0,612.0,967.0,1023.0,985.0,992.0
1774373189,791542082,25.0,611.0,969.0,1023.0,985.0,992.0
1774373189,800804062,25.0,611.0,969.0,1023.0,985.0,992.0
1774373189,811819938,25.0,611.0,970.0,1023.0,985.0,992.0
1774373189,821730827,25.0,611.0,970.0,1023.0,985.0,992.0
1774373189,832878963,25.0,608.0,971.0,1023.0,985.0,992.0
1774373189,840389862,26.0,608.0,971.0,1023.0,985.0,992.0
1774373189,850847439,26.0,606.0,971.0,1023.0,984.0,991.0
1774373189,861717944,26.0,605.0,972.0,1023.0,984.0,991.0
1774373189,870912497,26.0,604.0,972.0,1023.0,984.0,991.0
1774373189,882804821,26.0,602.0,972.0,1023.0,984.0,991.0
1774373189,891154927,27.0,601.0,972.0,1023.0,984.0,991.0
1774373189,903914809,26.0,601.0,972.0,1023.0,985.0,991.0
1774373189,911055059,26.0,600.0,973.0,1023.0,985.0,990.0
1774373189,920768744,26.0,600.0,973.0,1023.0,984.0,990.0
1774373189,931446507,26.0,599.0,973.0,1023.0,984.0,990.0
1774373189,942820754,26.0,597.0,973.0,1023.0,984.0,991.0
1774373189,952277420,26.0,596.0,973.0,1023.0,984.0,990.0
1774373189,961588160,26.0,595.0,973.0,1023.0,984.0,990.0
1774373189,971106029,26.0,595.0,973.0,1023.0,984.0,990.0
1774373189,981417310,26.0,595.0,973.0,1023.0,984.0,990.0
1774373189,991820183,26.0,594.0,973.0,1023.0,984.0,990.0
1774373190,1115311,26.0,592.0,973.0,1023.0,984.0,990.0
1774373190,12219446,26.0,591.0,974.0,1023.0,984.0,990.0
1774373190,22064243,26.0,590.0,974.0,1023.0,984.0,990.0
1774373190,32819914,26.0,591.0,974.0,1023.0,984.0,990.0
1774373190,40300943,26.0,590.0,974.0,1023.0,984.0,990.0
1774373190,50955558,26.0,590.0,974.0,1023.0,984.0,990.0
1774373190,61434820,25.0,589.0,974.0,1023.0,984.0,990.0
1774373190,71018746,25.0,589.0,974.0,1023.0,984.0,990.0
1774373190,82340215,24.0,591.0,974.0,1023.0,984.0,990.0
1774373190,91798437,25.0,590.0,974.0,1023.0,984.0,990.0
1774373190,101656437,25.0,589.0,974.0,1023.0,984.0,990.0
1774373190,111053492,24.0,588.0,974.0,1023.0,984.0,990.0
1774373190,121404772,24.0,588.0,974.0,1023.0,984.0,990.0
1774373190,130690956,23.0,587.0,974.0,1023.0,984.0,990.0
1774373190,141393497,23.0,587.0,974.0,1023.0,984.0,989.0
1774373190,153463691,23.0,587.0,974.0,1023.0,984.0,989.0
1774373190,160730386,23.0,587.0,973.0,1023.0,984.0,989.0
1774373190,171072981,23.0,587.0,973.0,1023.0,984.0,989.0
1774373190,181840930,23.0,587.0,974.0,1023.0,984.0,989.0
1774373190,191049373,23.0,588.0,973.0,1023.0,984.0,989.0
1774373190,201838543,23.0,587.0,974.0,1023.0,984.0,989.0
1774373190,212265991,23.0,587.0,973.0,1023.0,984.0,989.0
1774373190,221621619,23.0,587.0,974.0,1023.0,984.0,989.0
1774373190,231151897,23.0,586.0,974.0,1023.0,984.0,989.0
1774373190,241607455,22.0,585.0,974.0,1023.0,984.0,989.0
1774373190,250852046,22.0,584.0,974.0,1023.0,984.0,989.0
1774373190,261539106,22.0,584.0,974.0,1023.0,984.0,989.0
1774373190,270699307,22.0,583.0,974.0,1023.0,984.0,989.0
1774373190,283886228,22.0,582.0,974.0,1023.0,984.0,989.0
1774373190,293807822,22.0,582.0,974.0,1023.0,984.0,989.0
1774373190,301487333,22.0,580.0,974.0,1023.0,984.0,989.0
1774373190,311452371,22.0,580.0,974.0,1023.0,984.0,989.0
1774373190,321560817,22.0,579.0,974.0,1023.0,984.0,989.0
1774373190,332210414,21.0,579.0,974.0,1023.0,983.0,989.0
1774373190,342044877,21.0,579.0,974.0,1023.0,984.0,989.0
1774373190,351988860,21.0,579.0,974.0,1023.0,984.0,989.0
1774373190,361681045,21.0,580.0,973.0,1023.0,984.0,989.0
1774373190,370886988,21.0,579.0,974.0,1023.0,984.0,989.0
1774373190,381299528,21.0,580.0,973.0,1023.0,984.0,989.0
1774373190,390611360,21.0,579.0,973.0,1023.0,984.0,989.0
1774373190,401521216,21.0,579.0,973.0,1023.0,984.0,989.0
1774373190,412297961,21.0,579.0,973.0,1023.0,983.0,989.0
1774373190,422418296,21.0,578.0,973.0,1023.0,983.0,989.0
1774373190,432989726,21.0,578.0,973.0,1023.0,983.0,989.0
1774373190,441533129,21.0,579.0,973.0,1023.0,983.0,989.0
1774373190,450634312,21.0,580.0,973.0,1023.0,983.0,989.0
1774373190,460990537,21.0,579.0,973.0,1023.0,983.0,989.0
1774373190,471787338,21.0,579.0,973.0,1023.0,983.0,989.0
1774373190,483543179,21.0,579.0,973.0,1023.0,983.0,989.0
1774373190,492521361,20.0,579.0,973.0,1023.0,983.0,989.0
1774373190,501489525,21.0,579.0,973.0,1023.0,983.0,989.0
1774373190,511036877,20.0,578.0,973.0,1023.0,983.0,989.0
1774373190,521259435,21.0,578.0,973.0,1023.0,983.0,989.0
1774373190,532009439,21.0,578.0,972.0,1023.0,983.0,989.0
1774373190,541345586,21.0,578.0,972.0,1023.0,982.0,989.0
1774373190,552541795,21.0,578.0,972.0,1023.0,982.0,989.0
1774373190,562365000,20.0,579.0,972.0,1023.0,982.0,989.0
1774373190,570591420,19.0,579.0,972.0,1023.0,982.0,989.0
1774373190,581373091,19.0,578.0,972.0,1023.0,981.0,989.0
1774373190,591721945,19.0,578.0,971.0,1023.0,981.0,989.0
1774373190,601576446,20.0,578.0,971.0,1023.0,981.0,989.0
1774373190,611808263,19.0,577.0,971.0,1023.0,981.0,989.0
1774373190,621490152,19.0,578.0,971.0,1023.0,981.0,989.0
1774373190,630905447,19.0,577.0,971.0,1023.0,981.0,989.0
1774373190,640874652,19.0,577.0,971.0,1023.0,981.0,989.0
1774373190,650778005,19.0,577.0,971.0,1023.0,981.0,989.0
1774373190,661186675,19.0,578.0,971.0,1023.0,981.0,989.0
1774373190,672084476,19.0,578.0,971.0,1023.0,981.0,989.0
1774373190,684150614,18.0,578.0,971.0,1023.0,981.0,989.0
1774373190,692252646,19.0,578.0,971.0,1023.0,981.0,989.0
1774373190,701246717,19.0,577.0,970.0,1023.0,981.0,989.0
1774373190,711562516,20.0,576.0,970.0,1023.0,981.0,989.0
1774373190,720613662,19.0,576.0,970.0,1023.0,981.0,989.0
1774373190,731218350,19.0,576.0,970.0,1023.0,981.0,989.0
1774373190,742369764,19.0,577.0,970.0,1023.0,981.0,989.0
1774373190,753439473,19.0,576.0,970.0,1023.0,981.0,989.0
1774373190,760485907,19.0,576.0,970.0,1023.0,981.0,989.0
1774373190,771169244,19.0,576.0,970.0,1023.0,981.0,989.0
1774373190,780559873,19.0,576.0,970.0,1023.0,981.0,989.0
1774373190,790851338,19.0,575.0,970.0,1023.0,981.0,989.0
1774373190,801603491,19.0,574.0,970.0,1023.0,981.0,989.0
1774373190,812259328,19.0,575.0,970.0,1023.0,981.0,989.0
1774373190,821742420,18.0,575.0,970.0,1023.0,981.0,989.0
1774373190,832569572,18.0,575.0,970.0,1023.0,981.0,989.0
1774373190,842004627,18.0,575.0,969.0,1023.0,981.0,989.0
1774373190,850864254,18.0,574.0,969.0,1023.0,981.0,989.0
1774373190,861286423,19.0,575.0,969.0,1023.0,981.0,989.0
1774373190,871737185,19.0,575.0,969.0,1023.0,981.0,989.0
1774373190,883505230,19.0,575.0,969.0,1023.0,981.0,989.0
1774373190,890509776,18.0,574.0,968.0,1023.0,981.0,989.0
1774373190,901243058,18.0,574.0,968.0,1023.0,981.0,989.0
1774373190,911642468,18.0,575.0,968.0,1023.0,981.0,989.0
1774373190,920626780,19.0,576.0,968.0,1023.0,981.0,989.0
1774373190,930887245,19.0,576.0,967.0,1023.0,981.0,989.0
1774373190,941688842,19.0,575.0,967.0,1023.0,981.0,989.0
1774373190,951565362,19.0,576.0,966.0,1023.0,981.0,989.0
1774373190,963237295,19.0,576.0,966.0,1023.0,981.0,989.0
1774373190,970784880,19.0,575.0,966.0,1023.0,981.0,989.0
1774373190,981662681,19.0,574.0,966.0,1023.0,981.0,989.0
1774373190,991624108,19.0,575.0,965.0,1023.0,981.0,989.0
1774373191,748087,19.0,575.0,965.0,1023.0,981.0,989.0
1774373191,12127427,18.0,575.0,965.0,1023.0,981.0,989.0
1774373191,21234647,19.0,574.0,965.0,1023.0,981.0,989.0
1774373191,31391816,19.0,573.0,965.0,1023.0,981.0,989.0
1774373191,40491925,19.0,573.0,965.0,1023.0,981.0,989.0
1774373191,50837779,19.0,573.0,964.0,1023.0,981.0,989.0
1774373191,61552357,19.0,572.0,964.0,1023.0,981.0,989.0
1774373191,70630726,19.0,572.0,964.0,1023.0,981.0,989.0
1774373191,83039884,19.0,572.0,964.0,1023.0,981.0,989.0
1774373191,92864515,19.0,572.0,964.0,1023.0,981.0,989.0
1774373191,100994083,19.0,571.0,964.0,1023.0,981.0,989.0
1774373191,111491567,19.0,571.0,964.0,1023.0,981.0,989.0
1774373191,121789255,19.0,571.0,964.0,1023.0,981.0,989.0
1774373191,131232384,19.0,571.0,964.0,1023.0,981.0,989.0
1774373191,140626920,19.0,570.0,964.0,1023.0,981.0,989.0
1774373191,152392595,19.0,569.0,964.0,1023.0,981.0,989.0
1774373191,162436948,19.0,569.0,964.0,1023.0,981.0,989.0
1774373191,170833591,18.0,567.0,964.0,1023.0,981.0,989.0
1774373191,181854819,18.0,567.0,964.0,1023.0,981.0,989.0
1774373191,191411985,17.0,566.0,964.0,1023.0,981.0,989.0
1774373191,201306875,17.0,565.0,965.0,1023.0,981.0,989.0
1774373191,212451103,17.0,565.0,965.0,1023.0,981.0,989.0
1774373191,221639156,17.0,566.0,965.0,1023.0,981.0,989.0
1774373191,230864970,17.0,566.0,965.0,1023.0,981.0,989.0
1774373191,241278491,17.0,565.0,966.0,1023.0,981.0,989.0
1774373191,251716901,16.0,566.0,966.0,1023.0,981.0,989.0
1774373191,260779455,17.0,565.0,966.0,1023.0,981.0,989.0
1774373191,271474607,17.0,565.0,966.0,1023.0,981.0,989.0
1774373191,281460534,18.0,565.0,966.0,1023.0,981.0,990.0
1774373191,291579962,18.0,565.0,966.0,1023.0,981.0,990.0
1774373191,304834550,17.0,565.0,966.0,1023.0,981.0,990.0
1774373191,311184981,17.0,565.0,966.0,1023.0,981.0,990.0
1774373191,321754281,17.0,565.0,966.0,1023.0,982.0,990.0
1774373191,330749538,17.0,565.0,966.0,1023.0,982.0,990.0
1774373191,341211245,17.0,565.0,966.0,1023.0,981.0,990.0
1774373191,352583973,17.0,566.0,966.0,1023.0,981.0,990.0
1774373191,360871875,17.0,566.0,967.0,1023.0,982.0,990.0
1774373191,372841866,18.0,565.0,967.0,1023.0,982.0,991.0
1774373191,381050675,18.0,566.0,967.0,1023.0,981.0,991.0
1774373191,391659031,18.0,565.0,967.0,1023.0,981.0,990.0
1774373191,400884696,18.0,566.0,967.0,1023.0,981.0,991.0
1774373191,412455481,18.0,565.0,967.0,1023.0,981.0,990.0
1774373191,421561793,18.0,564.0,967.0,1023.0,981.0,990.0
1774373191,431134867,18.0,564.0,967.0,1023.0,981.0,990.0
1774373191,440294032,18.0,563.0,967.0,1023.0,981.0,990.0
1774373191,450882758,18.0,562.0,967.0,1023.0,981.0,990.0
1774373191,461373650,17.0,561.0,967.0,1023.0,982.0,990.0
1774373191,470877186,17.0,561.0,967.0,1023.0,982.0,990.0
1774373191,480954040,17.0,561.0,967.0,1023.0,982.0,991.0
1774373191,492839456,17.0,560.0,967.0,1023.0,982.0,991.0
1774373191,502125324,18.0,560.0,967.0,1023.0,982.0,991.0
1774373191,511433008,17.0,559.0,967.0,1023.0,982.0,991.0
1774373191,521512417,17.0,559.0,967.0,1023.0,982.0,990.0
1774373191,530776768,17.0,559.0,967.0,1023.0,982.0,990.0
1774373191,541586531,17.0,559.0,967.0,1023.0,982.0,990.0
1774373191,551654366,17.0,559.0,967.0,1023.0,982.0,990.0
1774373191,562132073,17.0,559.0,967.0,1023.0,981.0,990.0
1774373191,571040070,17.0,559.0,967.0,1023.0,981.0,990.0
1774373191,581299554,18.0,560.0,967.0,1023.0,981.0,990.0
1774373191,591502908,18.0,560.0,967.0,1023.0,981.0,991.0
1774373191,601921763,18.0,560.0,967.0,1023.0,981.0,991.0
1774373191,612763119,17.0,561.0,967.0,1023.0,981.0,990.0
1774373191,621915117,17.0,561.0,967.0,1023.0,981.0,991.0
1774373191,631921433,17.0,561.0,967.0,1023.0,981.0,991.0
1774373191,641403321,18.0,560.0,967.0,1023.0,981.0,991.0
1774373191,650676172,18.0,559.0,967.0,1023.0,981.0,991.0
1774373191,660831563,18.0,559.0,967.0,1023.0,981.0,991.0
1774373191,671484103,18.0,558.0,967.0,1023.0,981.0,991.0
1774373191,681398808,18.0,557.0,967.0,1023.0,981.0,991.0
1774373191,691666718,18.0,556.0,968.0,1023.0,981.0,991.0
1774373191,701366385,18.0,555.0,968.0,1023.0,981.0,991.0
1774373191,711161163,18.0,554.0,968.0,1023.0,981.0,990.0
1774373191,721140535,19.0,554.0,968.0,1023.0,981.0,990.0
1774373191,731780224,19.0,554.0,968.0,1023.0,981.0,990.0
1774373191,741493298,19.0,555.0,968.0,1023.0,981.0,990.0
1774373191,752092283,19.0,554.0,968.0,1023.0,981.0,990.0
1774373191,761714986,19.0,554.0,968.0,1023.0,981.0,991.0
1774373191,771704710,18.0,554.0,968.0,1023.0,981.0,991.0
1774373191,781281561,18.0,553.0,969.0,1023.0,981.0,991.0
1774373191,791650064,18.0,552.0,969.0,1023.0,981.0,991.0
1774373191,801296897,19.0,552.0,969.0,1023.0,981.0,991.0
1774373191,812511663,19.0,551.0,969.0,1023.0,981.0,991.0
1774373191,821223715,19.0,551.0,969.0,1023.0,981.0,991.0
1774373191,830886844,19.0,551.0,969.0,1023.0,981.0,991.0
1774373191,841280329,19.0,552.0,969.0,1023.0,981.0,991.0
1774373191,850785013,19.0,552.0,969.0,1023.0,981.0,991.0
1774373191,861488332,19.0,551.0,969.0,1023.0,981.0,991.0
1774373191,870690404,19.0,550.0,969.0,1023.0,981.0,991.0
1774373191,881837040,19.0,550.0,969.0,1023.0,981.0,991.0
1774373191,891473651,20.0,551.0,969.0,1023.0,981.0,991.0
1774373191,902231377,20.0,550.0,969.0,1023.0,981.0,991.0
1774373191,911888988,20.0,551.0,969.0,1023.0,981.0,991.0
1774373191,920459447,19.0,550.0,969.0,1023.0,981.0,990.0
1774373191,931057117,20.0,550.0,969.0,1023.0,981.0,991.0
1774373191,941637824,20.0,551.0,969.0,1023.0,981.0,990.0
1774373191,951361343,20.0,550.0,969.0,1023.0,981.0,990.0
1774373191,961046528,20.0,550.0,969.0,1023.0,981.0,990.0
1774373191,972216071,20.0,550.0,969.0,1023.0,981.0,990.0
1774373191,981541551,19.0,550.0,969.0,1023.0,981.0,990.0
1774373191,990790494,19.0,549.0,969.0,1023.0,980.0,990.0
1774373192,1535684,19.0,549.0,969.0,1023.0,981.0,990.0
1774373192,12279151,19.0,549.0,969.0,1023.0,980.0,990.0
1774373192,21014851,19.0,547.0,969.0,1023.0,980.0,990.0
1774373192,33196138,19.0,548.0,969.0,1023.0,980.0,990.0
1774373192,40912575,19.0,547.0,969.0,1023.0,981.0,990.0
1774373192,51677283,19.0,547.0,969.0,1023.0,980.0,990.0
1774373192,60820948,19.0,547.0,969.0,1023.0,980.0,990.0
1774373192,71542545,19.0,547.0,969.0,1023.0,980.0,990.0
1774373192,81446453,19.0,548.0,969.0,1023.0,980.0,990.0
1774373192,91413417,19.0,548.0,969.0,1023.0,980.0,990.0
1774373192,103842539,18.0,547.0,969.0,1023.0,980.0,990.0
1774373192,111871681,18.0,547.0,969.0,1023.0,980.0,990.0
1774373192,120986308,18.0,546.0,969.0,1023.0,980.0,990.0
1774373192,131477571,18.0,546.0,969.0,1023.0,980.0,990.0
1774373192,141482757,19.0,547.0,969.0,1023.0,980.0,990.0
1774373192,151848279,19.0,546.0,969.0,1023.0,980.0,990.0
1774373192,161504853,19.0,546.0,969.0,1023.0,980.0,990.0
1774373192,170671425,19.0,546.0,969.0,1023.0,980.0,990.0
1774373192,181121484,19.0,547.0,969.0,1023.0,980.0,990.0
1774373192,191413449,19.0,546.0,969.0,1023.0,980.0,990.0
1774373192,201887434,19.0,545.0,969.0,1023.0,980.0,990.0
1774373192,211818361,19.0,546.0,969.0,1023.0,980.0,990.0
1774373192,221756713,20.0,545.0,969.0,1023.0,980.0,990.0
1774373192,232745144,19.0,546.0,969.0,1023.0,980.0,990.0
1774373192,240295655,19.0,545.0,969.0,1023.0,980.0,990.0
1774373192,250560898,19.0,546.0,969.0,1023.0,980.0,990.0
1774373192,261344810,19.0,546.0,969.0,1023.0,980.0,990.0
1774373192,272165351,19.0,545.0,969.0,1023.0,980.0,990.0
1774373192,281338775,18.0,544.0,969.0,1023.0,980.0,991.0
1774373192,291366684,18.0,542.0,969.0,1023.0,980.0,991.0
1774373192,301241981,18.0,542.0,969.0,1023.0,980.0,991.0
1774373192,311614706,17.0,541.0,969.0,1023.0,980.0,991.0
1774373192,320585611,17.0,540.0,969.0,1023.0,980.0,991.0
1774373192,331401856,16.0,539.0,969.0,1023.0,980.0,991.0
1774373192,341878007,16.0,538.0,969.0,1023.0,980.0,991.0
1774373192,352214510,16.0,538.0,969.0,1023.0,980.0,991.0
1774373192,361088896,15.0,539.0,969.0,1023.0,980.0,991.0
1774373192,371991549,16.0,540.0,969.0,1023.0,980.0,991.0
1774373192,381102454,15.0,540.0,969.0,1023.0,980.0,991.0
1774373192,391496846,14.0,540.0,969.0,1023.0,980.0,991.0
1774373192,401136216,14.0,540.0,969.0,1023.0,981.0,991.0
1774373192,412207036,14.0,541.0,969.0,1023.0,981.0,991.0
1774373192,421493554,14.0,541.0,970.0,1023.0,981.0,991.0
1774373192,431202332,14.0,541.0,970.0,1023.0,981.0,991.0
1774373192,441525556,14.0,541.0,970.0,1023.0,981.0,991.0
1774373192,450650499,14.0,541.0,970.0,1023.0,981.0,991.0
1774373192,461097613,14.0,540.0,970.0,1023.0,981.0,991.0
1774373192,471577931,14.0,541.0,970.0,1023.0,981.0,991.0
1774373192,481465802,14.0,542.0,970.0,1023.0,980.0,991.0
1774373192,491049043,14.0,542.0,970.0,1023.0,980.0,991.0
1774373192,500891006,14.0,543.0,970.0,1023.0,981.0,991.0
1774373192,511331731,15.0,542.0,970.0,1023.0,981.0,991.0
1774373192,521236232,15.0,543.0,970.0,1023.0,980.0,991.0
1774373192,531691939,14.0,542.0,970.0,1023.0,980.0,991.0
1774373192,541182883,14.0,543.0,970.0,1023.0,980.0,991.0
1774373192,553023169,14.0,543.0,970.0,1023.0,980.0,991.0
1774373192,561222626,13.0,543.0,970.0,1023.0,980.0,991.0
1774373192,572550763,14.0,542.0,970.0,1023.0,980.0,991.0
1774373192,580583330,14.0,542.0,970.0,1023.0,980.0,991.0
1774373192,591033167,14.0,543.0,970.0,1023.0,980.0,991.0
1774373192,601310169,14.0,543.0,971.0,1023.0,980.0,990.0
1774373192,613820365,14.0,544.0,971.0,1023.0,981.0,990.0
1774373192,622660844,14.0,544.0,971.0,1023.0,980.0,990.0
1774373192,631619415,14.0,545.0,971.0,1023.0,980.0,991.0
1774373192,640364782,14.0,546.0,971.0,1023.0,980.0,990.0
1774373192,650992156,14.0,546.0,971.0,1023.0,980.0,990.0
1774373192,661299677,14.0,545.0,971.0,1023.0,980.0,990.0
1774373192,671987051,14.0,545.0,971.0,1023.0,980.0,990.0
1774373192,681482551,14.0,545.0,971.0,1023.0,980.0,990.0
1774373192,690736049,14.0,547.0,971.0,1023.0,980.0,990.0
1774373192,702623169,14.0,547.0,971.0,1023.0,980.0,990.0
1774373192,711079590,14.0,547.0,972.0,1023.0,980.0,990.0
1774373192,721260777,14.0,547.0,972.0,1023.0,980.0,990.0
1774373192,731911392,14.0,547.0,972.0,1023.0,980.0,990.0
1774373192,742235506,13.0,547.0,972.0,1023.0,980.0,990.0
1774373192,752470638,13.0,547.0,973.0,1023.0,980.0,990.0
1774373192,762564491,13.0,548.0,973.0,1023.0,980.0,990.0
1774373192,770959394,13.0,548.0,973.0,1023.0,980.0,990.0
1774373192,781482582,13.0,548.0,973.0,1023.0,980.0,990.0
1774373192,790907896,13.0,549.0,973.0,1023.0,980.0,990.0
1774373192,801325807,13.0,549.0,973.0,1023.0,980.0,990.0
1774373192,811783643,13.0,550.0,973.0,1023.0,980.0,990.0
1774373192,822153701,13.0,550.0,973.0,1023.0,980.0,990.0
1774373192,832550723,13.0,549.0,973.0,1023.0,980.0,989.0
1774373192,840682457,14.0,550.0,973.0,1023.0,980.0,989.0
1774373192,851176516,13.0,549.0,973.0,1023.0,980.0,989.0
1774373192,861758723,14.0,549.0,973.0,1023.0,980.0,989.0
1774373192,871304797,14.0,549.0,973.0,1023.0,980.0,989.0
1774373192,882012097,13.0,549.0,973.0,1023.0,980.0,989.0
1774373192,890885928,13.0,548.0,973.0,1023.0,980.0,989.0
1774373192,903104456,13.0,549.0,973.0,1023.0,980.0,989.0
1774373192,911652859,12.0,549.0,973.0,1023.0,980.0,989.0
1774373192,921320082,12.0,549.0,973.0,1023.0,980.0,989.0
1774373192,931684510,12.0,550.0,973.0,1023.0,980.0,989.0
1774373192,941449640,12.0,550.0,973.0,1023.0,980.0,989.0
1774373192,952980684,13.0,551.0,973.0,1023.0,980.0,989.0
1774373192,963689837,12.0,551.0,973.0,1023.0,980.0,989.0
1774373192,971595793,12.0,551.0,973.0,1023.0,980.0,989.0
1774373192,981034292,12.0,552.0,973.0,1023.0,980.0,989.0
1774373192,991409554,12.0,552.0,973.0,1023.0,980.0,989.0
1774373193,1699686,12.0,553.0,973.0,1023.0,980.0,989.0
1774373193,11984985,12.0,555.0,973.0,1023.0,979.0,989.0
1774373193,21749745,12.0,554.0,973.0,1023.0,979.0,989.0
1774373193,32763713,11.0,555.0,973.0,1023.0,979.0,989.0
1774373193,40784003,11.0,556.0,973.0,1023.0,979.0,989.0
1774373193,51765563,11.0,558.0,973.0,1023.0,979.0,989.0
1774373193,61823954,11.0,558.0,973.0,1023.0,979.0,989.0
1774373193,71055489,11.0,561.0,973.0,1023.0,979.0,989.0
1774373193,80831582,12.0,563.0,973.0,1023.0,979.0,989.0
1774373193,91312604,12.0,565.0,974.0,1023.0,979.0,989.0
1774373193,102580943,13.0,566.0,975.0,1023.0,979.0,989.0
1774373193,112129017,13.0,568.0,976.0,1023.0,979.0,989.0
1774373193,121006903,13.0,570.0,976.0,1023.0,979.0,989.0
1774373193,131546203,13.0,573.0,976.0,1023.0,979.0,989.0
1774373193,142076113,13.0,576.0,976.0,1023.0,979.0,989.0
1774373193,152657321,14.0,579.0,977.0,1023.0,979.0,989.0
1774373193,161847986,13.0,581.0,977.0,1023.0,978.0,989.0
1774373193,171277892,14.0,582.0,977.0,1023.0,978.0,989.0
1774373193,182648954,14.0,583.0,977.0,1023.0,978.0,989.0
1774373193,190718263,15.0,583.0,977.0,1023.0,978.0,989.0
1774373193,201231340,15.0,584.0,977.0,1023.0,978.0,989.0
1774373193,212610310,15.0,584.0,977.0,1023.0,978.0,989.0
1774373193,221684030,15.0,586.0,977.0,1023.0,978.0,989.0
1774373193,231820661,15.0,586.0,977.0,1023.0,978.0,989.0
1774373193,240722362,14.0,586.0,977.0,1023.0,978.0,989.0
1774373193,251098976,14.0,586.0,978.0,1023.0,978.0,989.0
1774373193,262157259,14.0,586.0,977.0,1023.0,978.0,989.0
1774373193,271122405,14.0,585.0,977.0,1023.0,978.0,989.0
1774373193,282303725,14.0,586.0,977.0,1023.0,977.0,988.0
1774373193,291760169,14.0,585.0,977.0,1023.0,977.0,989.0
1774373193,302833008,14.0,585.0,977.0,1023.0,978.0,989.0
1774373193,311460652,14.0,585.0,977.0,1023.0,977.0,989.0
1774373193,321421135,13.0,585.0,977.0,1023.0,978.0,989.0
1774373193,331189339,12.0,583.0,977.0,1023.0,978.0,989.0
1774373193,341785083,13.0,583.0,977.0,1023.0,978.0,989.0
1774373193,352525347,12.0,582.0,977.0,1023.0,978.0,989.0
1774373193,361190750,12.0,582.0,977.0,1023.0,978.0,989.0
1774373193,372916110,12.0,582.0,977.0,1023.0,978.0,989.0
1774373193,381222864,11.0,583.0,977.0,1023.0,978.0,989.0
1774373193,391670441,10.0,581.0,977.0,1023.0,977.0,989.0
1774373193,401068200,10.0,581.0,977.0,1023.0,977.0,989.0
1774373193,412483132,10.0,580.0,977.0,1023.0,977.0,989.0
1774373193,421275185,10.0,580.0,977.0,1023.0,977.0,989.0
1774373193,432731303,10.0,580.0,976.0,1023.0,976.0,989.0
1774373193,441502966,9.0,579.0,976.0,1023.0,976.0,989.0
1774373193,451462041,9.0,579.0,975.0,1023.0,975.0,989.0
1774373193,461908192,8.0,577.0,974.0,1023.0,974.0,989.0
1774373193,471623452,8.0,577.0,974.0,1023.0,974.0,989.0
1774373193,481037932,8.0,576.0,973.0,1023.0,973.0,989.0
1774373193,491449083,8.0,576.0,973.0,1023.0,972.0,989.0
1774373193,502109106,8.0,576.0,972.0,1023.0,971.0,989.0
1774373193,511668179,7.0,576.0,972.0,1023.0,970.0,989.0
1774373193,521730644,7.0,576.0,971.0,1023.0,969.0,989.0
1774373193,530901679,7.0,575.0,970.0,1023.0,968.0,989.0
1774373193,541400497,7.0,575.0,969.0,1023.0,966.0,989.0
1774373193,552215076,7.0,576.0,969.0,1023.0,965.0,989.0
1774373193,561328592,6.0,575.0,968.0,1023.0,964.0,989.0
1774373193,570280164,4.0,573.0,967.0,1023.0,962.0,989.0
1774373193,581010223,4.0,572.0,966.0,1023.0,960.0,989.0
1774373193,591417263,4.0,572.0,965.0,1023.0,957.0,989.0
1774373193,601727432,3.0,571.0,964.0,1023.0,954.0,989.0
1774373193,611691322,3.0,569.0,963.0,1023.0,951.0,989.0
1774373193,622172677,2.0,569.0,961.0,1023.0,948.0,989.0
1774373193,632830441,2.0,568.0,959.0,1023.0,945.0,989.0
1774373193,641157139,1.0,568.0,958.0,1023.0,943.0,989.0
1774373193,651484216,1.0,565.0,957.0,1023.0,940.0,989.0
1774373193,660654344,0.0,563.0,956.0,1023.0,938.0,989.0
1774373193,670854716,0.0,560.0,956.0,1023.0,935.0,989.0
1774373193,681992722,0.0,559.0,955.0,1023.0,932.0,989.0
1774373193,692040482,0.0,557.0,955.0,1023.0,929.0,989.0
1774373193,701132943,0.0,555.0,954.0,1023.0,927.0,989.0
1774373193,712185615,0.0,552.0,954.0,1023.0,925.0,989.0
1774373193,720793334,0.0,551.0,953.0,1023.0,924.0,989.0
1774373193,731398633,0.0,549.0,952.0,1023.0,922.0,989.0
1774373193,741994859,0.0,547.0,951.0,1023.0,921.0,989.0
1774373193,752159620,0.0,545.0,950.0,1023.0,920.0,989.0
1774373193,761774824,0.0,543.0,949.0,1023.0,918.0,988.0
1774373193,771222731,0.0,541.0,948.0,1023.0,918.0,988.0
1774373193,780389321,0.0,540.0,947.0,1023.0,917.0,989.0
1774373193,790710102,0.0,538.0,946.0,1023.0,916.0,988.0
1774373193,801179142,0.0,536.0,945.0,1023.0,916.0,988.0
1774373193,812758575,0.0,535.0,944.0,1023.0,915.0,988.0
1774373193,822976059,0.0,532.0,942.0,1023.0,914.0,988.0
1774373193,831404887,0.0,531.0,940.0,1023.0,913.0,988.0
1774373193,841642445,0.0,530.0,939.0,1023.0,911.0,988.0
1774373193,850487887,0.0,528.0,937.0,1023.0,908.0,988.0
1774373193,860730093,1.0,528.0,935.0,1023.0,905.0,988.0
1774373193,871777765,1.0,525.0,933.0,1023.0,901.0,987.0
1774373193,881335098,1.0,523.0,931.0,1023.0,898.0,987.0
1774373193,891636378,1.0,522.0,930.0,1023.0,896.0,987.0
1774373193,902578809,1.0,521.0,928.0,1023.0,894.0,987.0
1774373193,911492991,1.0,519.0,927.0,1023.0,892.0,987.0
1774373193,921601270,2.0,518.0,924.0,1023.0,890.0,987.0
1774373193,930764195,3.0,516.0,922.0,1023.0,888.0,987.0
1774373193,941736033,4.0,514.0,920.0,1023.0,884.0,987.0
1774373193,952122054,5.0,512.0,916.0,1023.0,881.0,987.0
1774373193,961521905,6.0,508.0,912.0,1023.0,877.0,987.0
1774373193,971630833,7.0,504.0,908.0,1023.0,872.0,986.0
1774373193,981116703,7.0,498.0,904.0,1023.0,868.0,986.0
1774373193,991394279,8.0,491.0,900.0,1023.0,864.0,986.0
1774373194,1742282,9.0,486.0,896.0,1023.0,860.0,985.0
1774373194,12339933,11.0,480.0,892.0,1023.0,856.0,985.0
1774373194,23753607,12.0,477.0,888.0,1023.0,852.0,985.0
1774373194,31898934,14.0,474.0,884.0,1023.0,849.0,985.0
1774373194,41188433,15.0,472.0,880.0,1023.0,845.0,985.0
1774373194,51418546,17.0,469.0,875.0,1023.0,840.0,984.0
1774373194,62063883,19.0,466.0,870.0,1023.0,835.0,984.0
1774373194,71800458,21.0,462.0,865.0,1023.0,830.0,984.0
1774373194,81978682,24.0,459.0,859.0,1023.0,823.0,984.0
1774373194,91798701,25.0,453.0,854.0,1023.0,818.0,983.0
1774373194,102247519,26.0,446.0,849.0,1023.0,812.0,983.0
1774373194,112116298,27.0,435.0,845.0,1023.0,808.0,983.0
1774373194,121263759,28.0,424.0,842.0,1023.0,804.0,982.0
1774373194,131974541,29.0,413.0,839.0,1023.0,801.0,982.0
1774373194,141291391,29.0,399.0,836.0,1023.0,797.0,982.0
1774373194,152539064,29.0,384.0,833.0,1023.0,794.0,982.0
1774373194,161715470,29.0,368.0,831.0,1023.0,790.0,982.0
1774373194,171466933,30.0,350.0,829.0,1023.0,785.0,982.0
1774373194,180694802,30.0,333.0,827.0,1023.0,778.0,982.0
1774373194,191362268,30.0,317.0,825.0,1023.0,772.0,982.0
1774373194,201810883,30.0,302.0,823.0,1023.0,766.0,982.0
1774373194,212450849,30.0,286.0,820.0,1023.0,760.0,982.0
1774373194,222201609,30.0,269.0,816.0,1023.0,756.0,982.0
1774373194,231705590,30.0,252.0,813.0,1023.0,751.0,982.0
1774373194,241679832,30.0,236.0,808.0,1023.0,747.0,982.0
1774373194,251244387,30.0,221.0,804.0,1023.0,742.0,982.0
1774373194,261669057,30.0,208.0,800.0,1023.0,737.0,981.0
1774373194,272114708,31.0,197.0,796.0,1023.0,733.0,981.0
1774373194,283008213,31.0,187.0,792.0,1023.0,729.0,980.0
1774373194,291915358,32.0,179.0,788.0,1023.0,725.0,980.0
1774373194,303482384,32.0,171.0,785.0,1023.0,721.0,980.0
1774373194,311745101,32.0,165.0,784.0,1023.0,718.0,979.0
1774373194,320828876,33.0,161.0,784.0,1023.0,715.0,979.0
1774373194,331307250,34.0,157.0,784.0,1023.0,713.0,979.0
1774373194,341594326,35.0,154.0,784.0,1023.0,711.0,979.0
1774373194,352643591,36.0,153.0,785.0,1023.0,709.0,979.0
1774373194,361775070,37.0,152.0,786.0,1023.0,707.0,979.0
1774373194,371581053,39.0,150.0,787.0,1023.0,704.0,979.0
1774373194,380692921,41.0,148.0,789.0,1023.0,702.0,979.0
1774373194,391252350,42.0,147.0,790.0,1023.0,700.0,979.0
1774373194,402053929,43.0,145.0,792.0,1023.0,698.0,979.0
1774373194,412714525,45.0,144.0,793.0,1023.0,697.0,979.0
1774373194,421541355,46.0,142.0,795.0,1023.0,696.0,979.0
1774373194,431133281,46.0,140.0,796.0,1023.0,695.0,979.0
1774373194,441359561,47.0,140.0,797.0,1023.0,695.0,979.0
1774373194,450671523,48.0,140.0,797.0,1023.0,694.0,979.0
1774373194,461188304,48.0,139.0,798.0,1023.0,694.0,979.0
1774373194,471214268,48.0,138.0,798.0,1023.0,693.0,979.0
1774373194,481031602,48.0,137.0,798.0,1023.0,693.0,979.0
1774373194,491736754,49.0,136.0,798.0,1023.0,693.0,979.0
1774373194,500616029,48.0,136.0,798.0,1023.0,692.0,979.0
1774373194,512055480,48.0,134.0,798.0,1023.0,692.0,979.0
1774373194,520746532,47.0,135.0,798.0,1023.0,692.0,979.0
1774373194,531470166,47.0,135.0,798.0,1023.0,692.0,979.0
1774373194,541592742,47.0,134.0,799.0,1023.0,692.0,979.0
1774373194,551642169,47.0,134.0,799.0,1023.0,692.0,979.0
1774373194,560751130,47.0,135.0,799.0,1023.0,692.0,979.0
1774373194,571040059,47.0,134.0,799.0,1023.0,692.0,979.0
1774373194,581460895,47.0,134.0,799.0,1023.0,692.0,979.0
1774373194,591720286,48.0,134.0,799.0,1023.0,692.0,979.0
1774373194,601008674,48.0,134.0,799.0,1023.0,692.0,979.0
1774373194,612649478,48.0,133.0,799.0,1023.0,692.0,979.0
1774373194,621045528,48.0,134.0,799.0,1023.0,692.0,979.0
1774373194,630727362,48.0,134.0,799.0,1023.0,692.0,979.0
1774373194,641300847,48.0,134.0,799.0,1023.0,692.0,979.0
1774373194,650501864,48.0,135.0,799.0,1023.0,692.0,979.0
1774373194,662066482,49.0,134.0,799.0,1023.0,692.0,979.0
1774373194,671772353,48.0,134.0,799.0,1023.0,692.0,979.0
1774373194,682171078,48.0,134.0,799.0,1023.0,692.0,979.0
1774373194,691622132,48.0,134.0,799.0,1023.0,692.0,979.0
1774373194,701440170,48.0,133.0,799.0,1023.0,693.0,979.0
1774373194,712475824,48.0,133.0,799.0,1023.0,693.0,978.0
1774373194,721388876,48.0,133.0,799.0,1023.0,692.0,978.0
1774373194,731774027,48.0,132.0,799.0,1023.0,692.0,978.0
1774373194,741186452,48.0,132.0,799.0,1023.0,692.0,978.0
1774373194,752284587,48.0,132.0,799.0,1023.0,692.0,978.0
1774373194,761274937,47.0,132.0,799.0,1023.0,692.0,978.0
1774373194,770620769,47.0,131.0,799.0,1023.0,692.0,978.0
1774373194,781512366,47.0,132.0,799.0,1023.0,692.0,978.0
1774373194,790680661,47.0,131.0,799.0,1023.0,692.0,978.0
1774373194,801056163,47.0,132.0,799.0,1023.0,692.0,978.0
1774373194,812854690,47.0,131.0,799.0,1023.0,692.0,978.0
1774373194,821613168,47.0,131.0,799.0,1023.0,692.0,978.0
1774373194,831986634,47.0,132.0,799.0,1023.0,692.0,978.0
1774373194,840621297,47.0,132.0,799.0,1023.0,692.0,978.0
1774373194,851009688,47.0,132.0,799.0,1023.0,692.0,978.0
1774373194,861389080,47.0,133.0,799.0,1023.0,692.0,978.0
1774373194,871692379,47.0,133.0,799.0,1023.0,692.0,978.0
1774373194,881569843,46.0,133.0,799.0,1023.0,692.0,978.0
1774373194,891488714,47.0,132.0,798.0,1023.0,692.0,978.0
1774373194,902437997,47.0,133.0,798.0,1023.0,692.0,978.0
1774373194,912026626,47.0,133.0,798.0,1023.0,693.0,978.0
1774373194,921147976,46.0,133.0,797.0,1023.0,692.0,978.0
1774373194,931537942,46.0,133.0,797.0,1023.0,692.0,978.0
1774373194,941067553,46.0,133.0,797.0,1023.0,692.0,978.0
1774373194,952287818,46.0,134.0,797.0,1023.0,692.0,978.0
1774373194,961077852,46.0,134.0,797.0,1023.0,692.0,978.0
1774373194,971827337,47.0,133.0,797.0,1023.0,692.0,978.0
1774373194,981305429,47.0,133.0,797.0,1023.0,692.0,978.0
1774373194,991632784,47.0,132.0,797.0,1023.0,692.0,977.0
1774373195,706689,47.0,131.0,797.0,1023.0,692.0,977.0
1774373195,12329270,47.0,132.0,797.0,1023.0,692.0,977.0
1774373195,21790233,47.0,133.0,797.0,1023.0,692.0,977.0
1774373195,32987016,47.0,133.0,797.0,1023.0,692.0,977.0
1774373195,40645175,47.0,133.0,797.0,1023.0,692.0,977.0
1774373195,50991493,47.0,133.0,797.0,1023.0,692.0,977.0
1774373195,61677756,47.0,133.0,797.0,1023.0,692.0,977.0
1774373195,71092589,46.0,132.0,797.0,1023.0,692.0,977.0
1774373195,83766359,46.0,133.0,797.0,1023.0,692.0,977.0
1774373195,91192906,46.0,132.0,797.0,1023.0,692.0,977.0
1774373195,102127874,46.0,132.0,797.0,1023.0,692.0,977.0
1774373195,111847560,46.0,132.0,797.0,1023.0,692.0,977.0
1774373195,121061632,46.0,132.0,797.0,1023.0,692.0,976.0
1774373195,131408320,46.0,133.0,797.0,1023.0,692.0,976.0
1774373195,141870045,46.0,133.0,797.0,1023.0,692.0,976.0
1774373195,152312845,46.0,133.0,797.0,1023.0,692.0,976.0
1774373195,160682303,46.0,132.0,797.0,1023.0,692.0,976.0
1774373195,172160995,46.0,132.0,797.0,1023.0,692.0,976.0
1774373195,180920658,46.0,132.0,797.0,1023.0,692.0,976.0
1774373195,191274846,46.0,133.0,797.0,1023.0,692.0,976.0
1774373195,201912498,46.0,134.0,797.0,1023.0,692.0,976.0
1774373195,212311797,46.0,133.0,797.0,1023.0,692.0,976.0
1774373195,221576777,46.0,133.0,797.0,1023.0,692.0,976.0
1774373195,231713020,46.0,134.0,797.0,1023.0,692.0,976.0
1774373195,240864129,46.0,134.0,797.0,1023.0,692.0,976.0
1774373195,251310595,45.0,135.0,797.0,1023.0,692.0,976.0
1774373195,261830228,46.0,135.0,797.0,1023.0,692.0,976.0
1774373195,271062004,45.0,134.0,797.0,1023.0,692.0,976.0
1774373195,282647030,45.0,134.0,797.0,1023.0,692.0,976.0
1774373195,291182748,45.0,135.0,797.0,1023.0,692.0,976.0
1774373195,303056034,45.0,135.0,797.0,1023.0,692.0,976.0
1774373195,312471108,45.0,135.0,797.0,1023.0,692.0,976.0
1774373195,321255975,45.0,135.0,796.0,1023.0,692.0,976.0
1774373195,331795385,45.0,134.0,796.0,1023.0,693.0,976.0
1774373195,341271477,45.0,135.0,796.0,1023.0,693.0,976.0
1774373195,352156260,44.0,136.0,796.0,1023.0,693.0,975.0
1774373195,362027483,45.0,136.0,796.0,1023.0,693.0,976.0
1774373195,370725979,45.0,136.0,796.0,1023.0,693.0,976.0
1774373195,381220483,45.0,135.0,796.0,1023.0,693.0,976.0
1774373195,391540411,45.0,135.0,796.0,1023.0,693.0,976.0
1774373195,400893336,45.0,135.0,796.0,1023.0,693.0,976.0
1774373195,413001549,44.0,135.0,796.0,1023.0,693.0,976.0
1774373195,421458711,44.0,135.0,796.0,1023.0,693.0,976.0
1774373195,432134400,43.0,135.0,796.0,1023.0,693.0,976.0
1774373195,440886212,44.0,134.0,796.0,1023.0,693.0,976.0
1774373195,451387363,44.0,135.0,796.0,1023.0,693.0,976.0
1774373195,461847125,44.0,135.0,796.0,1023.0,693.0,976.0
1774373195,471624070,45.0,136.0,796.0,1023.0,693.0,976.0
1774373195,481881665,45.0,136.0,796.0,1023.0,693.0,976.0
1774373195,491652573,45.0,135.0,796.0,1023.0,693.0,976.0
1774373195,501430537,45.0,136.0,796.0,1023.0,693.0,976.0
1774373195,512277856,45.0,137.0,796.0,1023.0,693.0,976.0
1774373195,521217446,44.0,138.0,796.0,1023.0,693.0,976.0
1774373195,531487689,44.0,137.0,795.0,1023.0,693.0,976.0
1774373195,541867173,43.0,137.0,795.0,1023.0,693.0,976.0
1774373195,552708233,43.0,137.0,795.0,1023.0,693.0,976.0
1774373195,560781190,43.0,137.0,795.0,1023.0,693.0,976.0
1774373195,572286475,43.0,136.0,795.0,1023.0,693.0,976.0
1774373195,581003953,43.0,136.0,795.0,1023.0,693.0,976.0
1774373195,591322844,43.0,137.0,794.0,1023.0,693.0,975.0
1774373195,601727403,43.0,137.0,794.0,1023.0,693.0,976.0
1774373195,612354333,43.0,138.0,794.0,1023.0,693.0,976.0
1774373195,622389427,43.0,137.0,794.0,1023.0,693.0,976.0
1774373195,632005704,43.0,137.0,794.0,1023.0,693.0,976.0
1774373195,641521593,43.0,136.0,794.0,1023.0,693.0,976.0
1774373195,650765554,43.0,136.0,794.0,1023.0,693.0,975.0
1774373195,661073890,42.0,136.0,794.0,1023.0,693.0,975.0
1774373195,671732394,42.0,137.0,794.0,1023.0,693.0,975.0
1774373195,682782473,42.0,136.0,794.0,1023.0,693.0,975.0
1774373195,690901338,42.0,135.0,794.0,1023.0,693.0,975.0
1774373195,701687768,42.0,136.0,794.0,1023.0,693.0,975.0
1774373195,711834474,42.0,137.0,794.0,1023.0,693.0,975.0
1774373195,720712341,42.0,138.0,794.0,1023.0,693.0,975.0
1774373195,732477997,42.0,138.0,794.0,1023.0,693.0,975.0
1774373195,741514662,42.0,138.0,794.0,1023.0,693.0,975.0
1774373195,753396467,42.0,138.0,794.0,1023.0,693.0,975.0
1774373195,761415645,42.0,138.0,794.0,1023.0,693.0,975.0
1774373195,770975738,42.0,137.0,794.0,1023.0,693.0,975.0
1774373195,781158740,42.0,137.0,794.0,1023.0,692.0,975.0
1774373195,791407872,42.0,138.0,794.0,1023.0,692.0,975.0
1774373195,801877745,42.0,137.0,794.0,1023.0,692.0,975.0
1774373195,812374711,42.0,138.0,794.0,1023.0,692.0,975.0
1774373195,823036826,42.0,137.0,794.0,1023.0,692.0,975.0
1774373195,831497655,42.0,136.0,793.0,1023.0,692.0,975.0
1774373195,841146007,41.0,136.0,793.0,1023.0,692.0,976.0
1774373195,851447639,41.0,137.0,793.0,1023.0,692.0,976.0
1774373195,860843675,41.0,137.0,793.0,1023.0,692.0,976.0
1774373195,871755273,40.0,136.0,793.0,1023.0,692.0,976.0
1774373195,882663648,40.0,135.0,793.0,1023.0,692.0,976.0
1774373195,891798683,40.0,136.0,792.0,1023.0,692.0,976.0
1774373195,902025481,40.0,136.0,792.0,1023.0,692.0,976.0
1774373195,911735185,39.0,136.0,792.0,1023.0,692.0,976.0
1774373195,921022740,39.0,137.0,792.0,1023.0,692.0,976.0
1774373195,931365964,39.0,137.0,792.0,1023.0,692.0,976.0
1774373195,941843449,39.0,136.0,792.0,1023.0,693.0,976.0
1774373195,953354419,39.0,137.0,792.0,1023.0,692.0,976.0
1774373195,961689951,39.0,137.0,792.0,1023.0,693.0,976.0
1774373195,972583956,38.0,137.0,792.0,1023.0,693.0,976.0
1774373195,980470542,38.0,137.0,792.0,1023.0,693.0,976.0
1774373195,990594395,37.0,138.0,792.0,1023.0,693.0,976.0
1774373196,1000676,38.0,138.0,792.0,1023.0,693.0,976.0
1774373196,12712869,38.0,138.0,792.0,1023.0,693.0,976.0
1774373196,21831904,38.0,138.0,792.0,1023.0,693.0,976.0
1774373196,32339111,38.0,138.0,792.0,1023.0,693.0,976.0
1774373196,40707032,38.0,138.0,792.0,1023.0,693.0,976.0
1774373196,51067535,38.0,138.0,792.0,1023.0,693.0,976.0
1774373196,61355260,38.0,138.0,792.0,1023.0,693.0,976.0
1774373196,71257798,38.0,137.0,792.0,1023.0,693.0,976.0
1774373196,84073458,38.0,136.0,792.0,1023.0,693.0,976.0
1774373196,91711913,38.0,137.0,792.0,1023.0,693.0,976.0
1774373196,102441640,38.0,137.0,792.0,1023.0,693.0,976.0
1774373196,111576193,37.0,137.0,792.0,1023.0,694.0,976.0
1774373196,121059693,37.0,138.0,791.0,1023.0,694.0,976.0
1774373196,131258528,37.0,138.0,791.0,1023.0,694.0,976.0
1774373196,141553531,37.0,137.0,791.0,1023.0,694.0,976.0
1774373196,152247146,37.0,138.0,790.0,1023.0,695.0,976.0
1774373196,162176739,37.0,138.0,790.0,1023.0,695.0,976.0
1774373196,171285774,36.0,138.0,790.0,1023.0,695.0,976.0
1774373196,181467610,36.0,139.0,790.0,1023.0,695.0,976.0
1774373196,191532130,36.0,138.0,790.0,1023.0,695.0,976.0
1774373196,200837832,36.0,140.0,790.0,1023.0,695.0,976.0
1774373196,212671692,36.0,140.0,790.0,1023.0,695.0,977.0
1774373196,221768653,36.0,140.0,790.0,1023.0,695.0,977.0
1774373196,232248027,36.0,140.0,790.0,1023.0,696.0,977.0
1774373196,241066487,35.0,141.0,790.0,1023.0,696.0,977.0
1774373196,251361341,35.0,140.0,790.0,1023.0,696.0,977.0
1774373196,261553825,35.0,141.0,790.0,1023.0,696.0,977.0
1774373196,270687119,35.0,140.0,790.0,1023.0,696.0,977.0
1774373196,282019996,35.0,139.0,790.0,1023.0,697.0,977.0
1774373196,291611107,35.0,139.0,790.0,1023.0,697.0,977.0
1774373196,301315755,35.0,139.0,790.0,1023.0,697.0,977.0
1774373196,311955499,34.0,139.0,790.0,1023.0,698.0,977.0
1774373196,321448499,34.0,138.0,790.0,1023.0,698.0,977.0
1774373196,332087021,34.0,139.0,790.0,1023.0,698.0,977.0
1774373196,341435261,33.0,139.0,790.0,1023.0,698.0,977.0
1774373196,353384844,33.0,139.0,790.0,1023.0,698.0,977.0
1774373196,360886354,33.0,139.0,790.0,1023.0,699.0,977.0
1774373196,371732544,33.0,140.0,790.0,1023.0,699.0,977.0
1774373196,381264543,33.0,141.0,790.0,1023.0,699.0,977.0
1774373196,391501212,32.0,142.0,790.0,1023.0,699.0,977.0
1774373196,401064342,32.0,141.0,790.0,1023.0,699.0,977.0
1774373196,412747423,32.0,142.0,790.0,1023.0,699.0,977.0
1774373196,422286553,32.0,142.0,790.0,1023.0,699.0,977.0
1774373196,432614833,32.0,142.0,790.0,1023.0,699.0,977.0
1774373196,441194088,32.0,142.0,790.0,1023.0,699.0,977.0
1774373196,451586684,32.0,142.0,790.0,1023.0,699.0,977.0
1774373196,460704293,32.0,142.0,790.0,1023.0,699.0,977.0
1774373196,471363908,32.0,142.0,790.0,1023.0,699.0,978.0
1774373196,482645210,32.0,143.0,790.0,1023.0,699.0,978.0
1774373196,491705060,31.0,143.0,790.0,1023.0,700.0,978.0
1774373196,502136507,31.0,143.0,791.0,1023.0,700.0,978.0
1774373196,512129379,31.0,143.0,790.0,1023.0,700.0,978.0
1774373196,520869190,31.0,145.0,790.0,1023.0,701.0,978.0
1774373196,531248860,30.0,145.0,790.0,1023.0,701.0,978.0
1774373196,541855956,30.0,145.0,790.0,1023.0,701.0,978.0
1774373196,553660687,30.0,146.0,790.0,1023.0,701.0,978.0
1774373196,562399498,30.0,147.0,790.0,1023.0,701.0,978.0
1774373196,571512737,30.0,146.0,790.0,1023.0,701.0,978.0
1774373196,580617901,30.0,147.0,790.0,1023.0,701.0,978.0
1774373196,590622736,30.0,146.0,790.0,1023.0,702.0,978.0
1774373196,601523167,31.0,147.0,790.0,1023.0,702.0,978.0
1774373196,612864432,31.0,147.0,790.0,1023.0,703.0,978.0
1774373196,622450173,30.0,147.0,790.0,1023.0,703.0,978.0
1774373196,631560245,30.0,147.0,790.0,1023.0,703.0,978.0
1774373196,641256819,30.0,148.0,790.0,1023.0,703.0,978.0
1774373196,650431095,29.0,148.0,790.0,1023.0,703.0,978.0
1774373196,660633894,29.0,148.0,790.0,1023.0,704.0,978.0
1774373196,671607214,29.0,146.0,790.0,1023.0,704.0,978.0
1774373196,682113106,30.0,147.0,790.0,1023.0,704.0,978.0
1774373196,691396845,30.0,147.0,790.0,1023.0,704.0,978.0
1774373196,702536906,30.0,146.0,790.0,1023.0,705.0,978.0
1774373196,711454533,29.0,147.0,790.0,1023.0,705.0,978.0
1774373196,721472164,29.0,147.0,790.0,1023.0,705.0,978.0
1774373196,732043075,29.0,146.0,790.0,1023.0,706.0,978.0
1774373196,741622223,29.0,146.0,790.0,1023.0,706.0,978.0
1774373196,752304746,29.0,146.0,790.0,1023.0,706.0,978.0
1774373196,761506966,29.0,147.0,790.0,1023.0,706.0,978.0
1774373196,773273419,29.0,148.0,790.0,1023.0,707.0,978.0
1774373196,780830892,29.0,147.0,790.0,1023.0,707.0,978.0
1774373196,791065320,29.0,148.0,790.0,1023.0,708.0,978.0
1774373196,801595138,29.0,148.0,790.0,1023.0,708.0,978.0
1774373196,812192494,29.0,148.0,790.0,1023.0,708.0,978.0
1774373196,821501363,29.0,148.0,790.0,1023.0,709.0,978.0
1774373196,830875695,29.0,148.0,790.0,1023.0,709.0,978.0
1774373196,841355106,29.0,148.0,790.0,1023.0,709.0,978.0
1774373196,850506660,29.0,147.0,790.0,1023.0,709.0,978.0
1774373196,861037626,29.0,147.0,790.0,1023.0,710.0,978.0
1774373196,871461629,29.0,146.0,790.0,1023.0,710.0,978.0
1774373196,882716172,29.0,147.0,790.0,1023.0,710.0,978.0
1774373196,891329761,29.0,147.0,790.0,1023.0,711.0,979.0
1774373196,903139436,29.0,147.0,790.0,1023.0,712.0,979.0
1774373196,912527990,29.0,147.0,790.0,1023.0,712.0,979.0
1774373196,921132912,29.0,147.0,790.0,1023.0,712.0,979.0
1774373196,931546989,28.0,147.0,790.0,1023.0,713.0,979.0
1774373196,941019433,28.0,147.0,790.0,1023.0,713.0,979.0
1774373196,953643907,28.0,147.0,790.0,1023.0,713.0,979.0
1774373196,961646086,28.0,147.0,790.0,1023.0,713.0,979.0
1774373196,972740610,29.0,147.0,790.0,1023.0,713.0,979.0
1774373196,980445307,29.0,148.0,790.0,1023.0,713.0,979.0
1774373196,990524901,29.0,147.0,790.0,1023.0,713.0,979.0
1774373197,1115164,28.0,148.0,790.0,1023.0,713.0,979.0
1774373197,12651412,28.0,147.0,790.0,1023.0,713.0,979.0
1774373197,22828006,29.0,149.0,790.0,1023.0,713.0,979.0
1774373197,31839004,29.0,150.0,790.0,1023.0,713.0,979.0
1774373197,40867390,29.0,149.0,790.0,1023.0,713.0,979.0
1774373197,51063578,28.0,149.0,790.0,1023.0,713.0,979.0
1774373197,61277006,29.0,149.0,790.0,1023.0,713.0,979.0
1774373197,71380063,28.0,149.0,790.0,1023.0,713.0,979.0
1774373197,81903492,29.0,149.0,790.0,1023.0,713.0,978.0
1774373197,91829642,29.0,149.0,790.0,1023.0,713.0,979.0
1774373197,101468660,28.0,150.0,790.0,1023.0,713.0,978.0
1774373197,111779478,29.0,150.0,790.0,1023.0,713.0,978.0
1774373197,120511604,29.0,150.0,790.0,1023.0,713.0,978.0
1774373197,131010403,29.0,151.0,790.0,1023.0,713.0,979.0
1774373197,141657759,29.0,150.0,790.0,1023.0,713.0,979.0
1774373197,152148929,29.0,151.0,790.0,1023.0,713.0,978.0
1774373197,161638076,29.0,151.0,790.0,1023.0,713.0,978.0
1774373197,172331766,29.0,150.0,790.0,1023.0,713.0,978.0
1774373197,181680283,29.0,151.0,790.0,1023.0,713.0,978.0
1774373197,191181486,29.0,150.0,789.0,1023.0,713.0,978.0
1774373197,201554211,29.0,151.0,789.0,1023.0,713.0,978.0
1774373197,211824102,29.0,151.0,789.0,1023.0,713.0,978.0
1774373197,222722367,29.0,151.0,789.0,1023.0,713.0,979.0
1774373197,231522382,30.0,152.0,789.0,1023.0,713.0,978.0
1774373197,240508916,29.0,152.0,789.0,1023.0,713.0,978.0
1774373197,250969271,29.0,152.0,789.0,1023.0,713.0,978.0
1774373197,261378811,29.0,152.0,789.0,1023.0,713.0,978.0
1774373197,270685977,29.0,152.0,789.0,1023.0,713.0,978.0
1774373197,282289447,29.0,151.0,789.0,1023.0,713.0,978.0
1774373197,291329482,29.0,152.0,789.0,1023.0,713.0,978.0
1774373197,301507614,28.0,152.0,789.0,1023.0,713.0,978.0
1774373197,312049691,29.0,152.0,789.0,1023.0,713.0,979.0
1774373197,320822206,29.0,153.0,789.0,1023.0,713.0,979.0
1774373197,331390913,29.0,153.0,789.0,1023.0,713.0,979.0
1774373197,340774838,29.0,153.0,789.0,1023.0,713.0,979.0
1774373197,352452754,29.0,153.0,789.0,1023.0,713.0,979.0
1774373197,360759045,29.0,153.0,789.0,1023.0,713.0,979.0
1774373197,370902287,29.0,153.0,789.0,1023.0,713.0,979.0
1774373197,380310379,29.0,153.0,789.0,1023.0,714.0,979.0
1774373197,391844368,29.0,154.0,789.0,1023.0,714.0,979.0
1774373197,401174126,29.0,155.0,789.0,1023.0,714.0,979.0
1774373197,412286613,29.0,155.0,789.0,1023.0,715.0,979.0
1774373197,421878557,29.0,157.0,789.0,1023.0,715.0,979.0
1774373197,431871947,29.0,156.0,789.0,1023.0,715.0,979.0
1774373197,441760448,30.0,156.0,789.0,1023.0,716.0,979.0
1774373197,450778372,29.0,156.0,789.0,1023.0,716.0,979.0
1774373197,461112078,29.0,156.0,789.0,1023.0,716.0,979.0
1774373197,471572748,29.0,158.0,788.0,1023.0,716.0,979.0
1774373197,483191793,29.0,158.0,788.0,1023.0,716.0,979.0
1774373197,491120953,29.0,158.0,788.0,1023.0,716.0,979.0
1774373197,500656619,29.0,159.0,788.0,1023.0,716.0,979.0
1774373197,511994996,29.0,159.0,788.0,1023.0,716.0,979.0
1774373197,520803641,29.0,160.0,788.0,1023.0,716.0,979.0
1774373197,531255311,29.0,160.0,788.0,1023.0,717.0,979.0
1774373197,541745184,29.0,160.0,788.0,1023.0,717.0,979.0
1774373197,552200002,29.0,160.0,787.0,1023.0,717.0,979.0
1774373197,562370467,30.0,159.0,787.0,1023.0,717.0,979.0
1774373197,570826685,30.0,159.0,787.0,1023.0,717.0,979.0
1774373197,583378751,29.0,157.0,787.0,1023.0,717.0,978.0
1774373197,591032059,29.0,157.0,787.0,1023.0,717.0,978.0
1774373197,601088356,29.0,157.0,787.0,1023.0,717.0,978.0
1774373197,613173662,29.0,158.0,787.0,1023.0,717.0,979.0
1774373197,621221675,29.0,157.0,787.0,1023.0,717.0,978.0
1774373197,632664644,29.0,158.0,787.0,1023.0,717.0,978.0
1774373197,641388808,29.0,157.0,787.0,1023.0,717.0,978.0
1774373197,650851085,29.0,157.0,787.0,1023.0,717.0,978.0
1774373197,661301643,29.0,158.0,787.0,1023.0,717.0,979.0
1774373197,671791628,29.0,158.0,787.0,1023.0,717.0,978.0
1774373197,682010482,29.0,159.0,787.0,1023.0,717.0,978.0
1774373197,691477315,29.0,159.0,787.0,1023.0,717.0,978.0
1774373197,700670683,30.0,158.0,787.0,1023.0,717.0,978.0
1774373197,713574159,30.0,159.0,787.0,1023.0,717.0,978.0
1774373197,721206521,30.0,159.0,787.0,1023.0,717.0,978.0
1774373197,730622002,30.0,159.0,787.0,1023.0,717.0,978.0
1774373197,741238376,29.0,159.0,787.0,1023.0,717.0,978.0
1774373197,753684202,29.0,160.0,787.0,1023.0,717.0,978.0
1774373197,761273157,29.0,160.0,787.0,1023.0,717.0,978.0
1774373197,770902564,29.0,159.0,787.0,1023.0,717.0,978.0
1774373197,780467638,29.0,159.0,787.0,1023.0,717.0,978.0
1774373197,790733437,29.0,158.0,787.0,1023.0,717.0,978.0
1774373197,801138180,29.0,158.0,787.0,1023.0,717.0,978.0
1774373197,813098967,29.0,158.0,787.0,1023.0,717.0,978.0
1774373197,821908871,29.0,158.0,787.0,1023.0,717.0,978.0
1774373197,830577923,29.0,158.0,787.0,1023.0,717.0,977.0
1774373197,840805314,29.0,158.0,787.0,1023.0,717.0,977.0
1774373197,851369632,29.0,158.0,787.0,1023.0,717.0,977.0
1774373197,860676520,29.0,158.0,787.0,1023.0,717.0,976.0
1774373197,870916078,29.0,158.0,787.0,1023.0,717.0,976.0
1774373197,882596623,30.0,157.0,786.0,1023.0,717.0,976.0
1774373197,892963403,30.0,157.0,786.0,1023.0,717.0,976.0
1774373197,901401695,30.0,157.0,786.0,1023.0,717.0,976.0
1774373197,912104162,30.0,157.0,786.0,1023.0,716.0,976.0
1774373197,920991196,30.0,156.0,786.0,1023.0,717.0,976.0
1774373197,931308495,30.0,155.0,786.0,1023.0,717.0,976.0
1774373197,941840628,30.0,156.0,786.0,1023.0,717.0,976.0
1774373197,951654258,30.0,156.0,786.0,1023.0,716.0,976.0
1774373197,961403407,30.0,156.0,786.0,1023.0,716.0,976.0
1774373197,971297797,30.0,157.0,786.0,1023.0,716.0,976.0
1774373197,980495332,30.0,157.0,786.0,1023.0,716.0,976.0
1774373197,990716482,30.0,157.0,786.0,1023.0,716.0,976.0
1774373198,1246208,30.0,157.0,785.0,1023.0,716.0,977.0
1774373198,13731071,30.0,158.0,785.0,1023.0,716.0,977.0
1774373198,21447211,30.0,157.0,785.0,1023.0,717.0,978.0
1774373198,30699691,30.0,157.0,785.0,1023.0,717.0,978.0
1774373198,42139439,30.0,157.0,785.0,1023.0,718.0,978.0
1774373198,51004177,30.0,157.0,785.0,1023.0,718.0,978.0
1774373198,61596569,30.0,157.0,785.0,1023.0,719.0,978.0
1774373198,71296977,30.0,157.0,785.0,1023.0,719.0,978.0
1774373198,81170496,30.0,157.0,785.0,1023.0,720.0,978.0
1774373198,92172853,30.0,157.0,785.0,1023.0,721.0,978.0
1774373198,102211614,30.0,156.0,785.0,1023.0,721.0,978.0
1774373198,111481502,30.0,157.0,785.0,1023.0,721.0,978.0
1774373198,121308706,30.0,157.0,785.0,1023.0,722.0,978.0
1774373198,131646246,30.0,158.0,785.0,1023.0,723.0,978.0
1774373198,141191727,31.0,159.0,785.0,1023.0,723.0,978.0
1774373198,154242777,31.0,160.0,785.0,1023.0,724.0,978.0
1774373198,160776858,31.0,160.0,785.0,1023.0,725.0,978.0
1774373198,173018071,31.0,161.0,785.0,1023.0,726.0,978.0
1774373198,180916768,31.0,160.0,785.0,1023.0,727.0,978.0
1774373198,191095456,31.0,161.0,785.0,1023.0,728.0,978.0
1774373198,201770848,32.0,162.0,785.0,1023.0,728.0,978.0
1774373198,212129203,31.0,162.0,785.0,1023.0,729.0,978.0
1774373198,220770829,31.0,162.0,785.0,1023.0,729.0,978.0
1774373198,231575241,31.0,162.0,785.0,1023.0,730.0,978.0
1774373198,241825595,31.0,162.0,785.0,1023.0,730.0,978.0
1774373198,250831407,31.0,163.0,785.0,1023.0,730.0,978.0
1774373198,261161854,31.0,163.0,785.0,1023.0,731.0,978.0
1774373198,271741154,31.0,163.0,785.0,1023.0,731.0,978.0
1774373198,281676859,30.0,162.0,785.0,1023.0,732.0,977.0
1774373198,290764227,31.0,162.0,785.0,1023.0,733.0,977.0
1774373198,301893363,31.0,162.0,785.0,1023.0,734.0,977.0
1774373198,312386144,31.0,161.0,785.0,1023.0,735.0,977.0
1774373198,321021066,31.0,161.0,785.0,1023.0,736.0,977.0
1774373198,331441143,31.0,161.0,785.0,1023.0,737.0,977.0
1774373198,340845697,31.0,160.0,785.0,1023.0,737.0,977.0
1774373198,352286056,31.0,160.0,785.0,1023.0,738.0,977.0
1774373198,361216387,31.0,159.0,785.0,1023.0,738.0,977.0
1774373198,370855516,31.0,159.0,786.0,1023.0,738.0,977.0
1774373198,381552761,31.0,158.0,786.0,1023.0,738.0,976.0
1774373198,390586796,31.0,158.0,786.0,1023.0,738.0,976.0
1774373198,400980354,31.0,158.0,786.0,1023.0,738.0,976.0
1774373198,412374139,30.0,158.0,786.0,1023.0,738.0,976.0
1774373198,421493711,31.0,158.0,786.0,1023.0,738.0,976.0
1774373198,430965210,31.0,158.0,786.0,1023.0,738.0,976.0
1774373198,440618470,31.0,158.0,786.0,1023.0,738.0,976.0
1774373198,451081862,31.0,158.0,786.0,1023.0,738.0,976.0
1774373198,461456031,31.0,159.0,786.0,1023.0,738.0,976.0
1774373198,471097383,31.0,159.0,786.0,1023.0,738.0,976.0
1774373198,481999629,31.0,159.0,786.0,1023.0,738.0,976.0
1774373198,491825833,30.0,158.0,785.0,1023.0,739.0,976.0
1774373198,502485504,30.0,158.0,785.0,1023.0,739.0,976.0
1774373198,511741632,30.0,157.0,785.0,1023.0,740.0,975.0
1774373198,520716703,30.0,155.0,785.0,1023.0,740.0,975.0
1774373198,531243262,30.0,157.0,785.0,1023.0,742.0,974.0
1774373198,541864507,31.0,158.0,785.0,1023.0,743.0,974.0
1774373198,553855423,30.0,158.0,785.0,1023.0,745.0,973.0
1774373198,561196044,30.0,158.0,785.0,1023.0,747.0,972.0
1774373198,573246849,30.0,158.0,785.0,1023.0,748.0,972.0
1774373198,581130657,30.0,157.0,785.0,1023.0,750.0,971.0
1774373198,591611457,30.0,157.0,785.0,1023.0,752.0,971.0
1774373198,600841659,29.0,157.0,785.0,1023.0,753.0,971.0
1774373198,612735205,29.0,157.0,785.0,1023.0,753.0,970.0
1774373198,621347312,29.0,156.0,785.0,1023.0,754.0,970.0
1774373198,631743537,29.0,155.0,785.0,1023.0,754.0,970.0
1774373198,640465608,29.0,155.0,785.0,1023.0,754.0,970.0
1774373198,651431742,29.0,156.0,785.0,1023.0,755.0,970.0
1774373198,660918556,29.0,156.0,785.0,1023.0,755.0,970.0
1774373198,671742080,29.0,156.0,785.0,1023.0,755.0,970.0
1774373198,681694896,29.0,156.0,785.0,1023.0,755.0,970.0
1774373198,691343192,29.0,157.0,785.0,1023.0,755.0,970.0
1774373198,703916851,29.0,156.0,784.0,1023.0,755.0,970.0
1774373198,711867956,29.0,156.0,784.0,1023.0,755.0,970.0
1774373198,721060362,29.0,156.0,784.0,1023.0,755.0,970.0
1774373198,731783440,29.0,156.0,783.0,1023.0,755.0,970.0
1774373198,740694493,29.0,156.0,783.0,1023.0,755.0,970.0
1774373198,752867502,28.0,156.0,783.0,1023.0,755.0,970.0
1774373198,761266516,28.0,154.0,783.0,1023.0,755.0,970.0
1774373198,771800742,28.0,155.0,783.0,1023.0,755.0,970.0
1774373198,780577868,28.0,156.0,783.0,1023.0,755.0,970.0
1774373198,790814333,28.0,156.0,783.0,1023.0,755.0,970.0
1774373198,801275910,27.0,156.0,783.0,1023.0,755.0,970.0
1774373198,813436735,27.0,156.0,784.0,1023.0,755.0,970.0
1774373198,821333117,27.0,155.0,784.0,1023.0,755.0,970.0
1774373198,832038399,27.0,154.0,784.0,1023.0,756.0,970.0
1774373198,841090100,28.0,154.0,783.0,1023.0,755.0,970.0
1774373198,850463581,27.0,154.0,783.0,1023.0,755.0,970.0
1774373198,860705768,27.0,155.0,784.0,1023.0,755.0,970.0
1774373198,871116790,27.0,156.0,784.0,1023.0,755.0,970.0
1774373198,882219073,28.0,155.0,783.0,1023.0,756.0,970.0
1774373198,891825777,27.0,154.0,783.0,1023.0,756.0,970.0
1774373198,900760404,27.0,155.0,784.0,1023.0,756.0,970.0
1774373198,912120855,27.0,156.0,784.0,1023.0,756.0,970.0
1774373198,921295723,27.0,156.0,784.0,1023.0,756.0,970.0
1774373198,931670004,27.0,156.0,784.0,1023.0,756.0,970.0
1774373198,941325300,27.0,157.0,784.0,1023.0,755.0,970.0
1774373198,953060493,27.0,157.0,784.0,1023.0,755.0,970.0
1774373198,962428344,26.0,156.0,783.0,1023.0,756.0,970.0
1774373198,970773006,26.0,157.0,783.0,1023.0,756.0,970.0
1774373198,981641214,26.0,156.0,784.0,1023.0,756.0,970.0
1774373198,990630008,26.0,156.0,784.0,1023.0,755.0,970.0
1774373199,1213623,26.0,156.0,783.0,1023.0,755.0,970.0
1774373199,12556352,25.0,156.0,783.0,1023.0,755.0,970.0
1774373199,22367297,25.0,156.0,783.0,1023.0,755.0,970.0
1774373199,30883718,25.0,156.0,784.0,1023.0,755.0,970.0
1774373199,40892016,26.0,156.0,784.0,1023.0,755.0,970.0
1774373199,51472242,25.0,157.0,784.0,1023.0,755.0,970.0
1774373199,60804889,25.0,158.0,784.0,1023.0,755.0,971.0
1774373199,71262059,25.0,158.0,784.0,1023.0,755.0,971.0
1774373199,81289579,26.0,159.0,784.0,1023.0,755.0,971.0
1774373199,91252617,25.0,158.0,784.0,1023.0,755.0,971.0
1774373199,100708042,26.0,159.0,784.0,1023.0,755.0,971.0
1774373199,111652880,26.0,159.0,784.0,1023.0,755.0,971.0
1774373199,121224362,25.0,158.0,784.0,1023.0,755.0,971.0
1774373199,131464401,26.0,158.0,784.0,1023.0,755.0,971.0
1774373199,140869900,25.0,158.0,784.0,1023.0,755.0,971.0
1774373199,153438319,26.0,158.0,785.0,1023.0,755.0,971.0
1774373199,160839495,25.0,158.0,785.0,1023.0,756.0,971.0
1774373199,172514207,25.0,158.0,785.0,1023.0,755.0,972.0
1774373199,181601334,25.0,158.0,785.0,1023.0,755.0,972.0
1774373199,191097112,25.0,158.0,785.0,1023.0,755.0,972.0
1774373199,201197187,25.0,158.0,785.0,1023.0,755.0,972.0
1774373199,211190281,25.0,158.0,785.0,1023.0,755.0,972.0
1774373199,223242365,25.0,158.0,785.0,1023.0,755.0,972.0
1774373199,231680249,25.0,158.0,785.0,1023.0,755.0,972.0
1774373199,240990970,25.0,159.0,785.0,1023.0,755.0,972.0
1774373199,251316158,25.0,158.0,785.0,1023.0,755.0,972.0
1774373199,261835976,25.0,157.0,785.0,1023.0,755.0,972.0
1774373199,271081104,25.0,157.0,785.0,1023.0,755.0,972.0
1774373199,282031554,25.0,158.0,785.0,1023.0,755.0,972.0
1774373199,291256070,25.0,158.0,785.0,1023.0,755.0,972.0
1774373199,301196331,25.0,158.0,785.0,1023.0,755.0,972.0
1774373199,312174614,25.0,157.0,785.0,1023.0,755.0,972.0
1774373199,321264334,25.0,156.0,785.0,1023.0,755.0,972.0
1774373199,330706426,25.0,157.0,785.0,1023.0,755.0,972.0
1774373199,341198244,25.0,156.0,785.0,1023.0,755.0,972.0
1774373199,352649010,25.0,157.0,785.0,1023.0,755.0,972.0
1774373199,361983564,25.0,157.0,785.0,1023.0,755.0,972.0
1774373199,371318619,25.0,157.0,785.0,1023.0,755.0,972.0
1774373199,380597136,25.0,158.0,785.0,1023.0,755.0,972.0
1774373199,390854731,25.0,158.0,785.0,1023.0,755.0,972.0
1774373199,401613550,25.0,158.0,785.0,1023.0,755.0,972.0
1774373199,411368476,25.0,157.0,785.0,1023.0,755.0,972.0
1774373199,422189740,25.0,158.0,785.0,1023.0,755.0,972.0
1774373199,432146964,25.0,157.0,785.0,1023.0,755.0,972.0
1774373199,440909553,25.0,157.0,785.0,1023.0,755.0,972.0
1774373199,450867647,25.0,157.0,785.0,1023.0,755.0,972.0
1774373199,461303557,24.0,158.0,785.0,1023.0,755.0,972.0
1774373199,471980283,24.0,158.0,785.0,1023.0,755.0,972.0
1774373199,481456875,24.0,159.0,785.0,1023.0,755.0,972.0
1774373199,491605914,25.0,158.0,785.0,1023.0,755.0,972.0
1774373199,501481526,25.0,158.0,785.0,1023.0,755.0,973.0
1774373199,511057211,25.0,158.0,785.0,1023.0,755.0,972.0
1774373199,521384288,25.0,158.0,785.0,1023.0,755.0,973.0
1774373199,531792587,25.0,159.0,785.0,1023.0,755.0,973.0
1774373199,541347124,25.0,159.0,785.0,1023.0,755.0,973.0
1774373199,552978409,25.0,159.0,785.0,1023.0,756.0,973.0
1774373199,563000874,25.0,158.0,785.0,1023.0,755.0,973.0
1774373199,571653500,25.0,159.0,785.0,1023.0,755.0,973.0
1774373199,581356148,25.0,158.0,785.0,1023.0,755.0,973.0
1774373199,591511687,25.0,158.0,785.0,1023.0,755.0,973.0
1774373199,602011690,25.0,158.0,785.0,1023.0,755.0,973.0
1774373199,612237174,25.0,157.0,785.0,1023.0,755.0,973.0
1774373199,621682895,25.0,157.0,785.0,1023.0,755.0,973.0
1774373199,631409729,25.0,157.0,785.0,1023.0,755.0,973.0
1774373199,641350323,25.0,156.0,785.0,1023.0,756.0,973.0
1774373199,651178805,25.0,157.0,785.0,1023.0,755.0,973.0
1774373199,661014398,25.0,157.0,785.0,1023.0,755.0,973.0
1774373199,671539365,24.0,157.0,785.0,1023.0,755.0,972.0
1774373199,681775200,24.0,157.0,785.0,1023.0,755.0,972.0
1774373199,694177989,24.0,157.0,785.0,1023.0,755.0,972.0
1774373199,700430105,25.0,158.0,785.0,1023.0,755.0,973.0
1774373199,711592482,24.0,157.0,785.0,1023.0,755.0,973.0
1774373199,721497335,24.0,157.0,785.0,1023.0,755.0,973.0
1774373199,731630299,24.0,157.0,785.0,1023.0,755.0,973.0
1774373199,741296262,24.0,158.0,785.0,1023.0,755.0,973.0
1774373199,752427046,25.0,157.0,785.0,1023.0,755.0,973.0
1774373199,761236376,25.0,157.0,785.0,1023.0,755.0,973.0
1774373199,771012265,25.0,157.0,785.0,1023.0,755.0,973.0
1774373199,781777992,26.0,157.0,785.0,1023.0,755.0,973.0
1774373199,791034287,25.0,158.0,785.0,1023.0,755.0,973.0
1774373199,801377715,25.0,158.0,785.0,1023.0,755.0,973.0
1774373199,813619707,25.0,157.0,785.0,1023.0,755.0,973.0
1774373199,821448478,24.0,157.0,785.0,1023.0,755.0,973.0
1774373199,830480420,24.0,157.0,785.0,1023.0,755.0,973.0
1774373199,840548033,24.0,156.0,785.0,1023.0,755.0,973.0
1774373199,852048336,24.0,156.0,785.0,1023.0,755.0,973.0
1774373199,861067056,24.0,157.0,785.0,1023.0,755.0,972.0
1774373199,871439022,24.0,157.0,785.0,1023.0,755.0,973.0
1774373199,881668320,23.0,157.0,785.0,1023.0,755.0,973.0
1774373199,892344491,24.0,157.0,785.0,1023.0,755.0,973.0
1774373199,900494559,23.0,157.0,785.0,1023.0,755.0,973.0
1774373199,911355286,24.0,157.0,785.0,1023.0,755.0,973.0
1774373199,921574622,24.0,157.0,785.0,1023.0,755.0,973.0
1774373199,930977713,24.0,156.0,785.0,1023.0,755.0,973.0
1774373199,941578532,24.0,156.0,785.0,1023.0,755.0,973.0
1774373199,952536259,24.0,157.0,785.0,1023.0,755.0,973.0
1774373199,961685035,24.0,157.0,785.0,1023.0,755.0,973.0
1774373199,971488702,24.0,157.0,785.0,1023.0,755.0,973.0
1774373199,981538019,24.0,157.0,784.0,1023.0,755.0,973.0
1774373199,990721850,24.0,158.0,784.0,1023.0,755.0,973.0
1774373200,1453058,24.0,157.0,784.0,1023.0,755.0,973.0
1774373200,11351115,24.0,157.0,784.0,1023.0,755.0,973.0
1774373200,21072541,24.0,156.0,784.0,1023.0,755.0,973.0
1774373200,32172287,24.0,157.0,784.0,1023.0,755.0,973.0
1774373200,41826917,24.0,157.0,784.0,1023.0,755.0,973.0
1774373200,51188620,24.0,159.0,784.0,1023.0,755.0,973.0
1774373200,61545030,24.0,157.0,784.0,1023.0,755.0,973.0
1774373200,71156493,24.0,158.0,784.0,1023.0,755.0,973.0
1774373200,81769404,24.0,158.0,784.0,1023.0,755.0,973.0
1774373200,91894480,24.0,158.0,784.0,1023.0,755.0,973.0
1774373200,100644069,24.0,158.0,784.0,1023.0,755.0,973.0
1774373200,112287225,24.0,158.0,784.0,1023.0,755.0,973.0
1774373200,121720502,24.0,158.0,784.0,1023.0,755.0,973.0
1774373200,130650166,24.0,157.0,784.0,1023.0,755.0,973.0
1774373200,141518022,24.0,157.0,784.0,1023.0,755.0,973.0
1774373200,152319268,24.0,157.0,783.0,1023.0,755.0,973.0
1774373200,162463955,23.0,157.0,783.0,1023.0,755.0,973.0
1774373200,171001580,23.0,157.0,783.0,1023.0,755.0,973.0
1774373200,181757399,23.0,157.0,783.0,1023.0,755.0,973.0
1774373200,190661563,24.0,156.0,783.0,1023.0,755.0,973.0
1774373200,200657602,23.0,156.0,783.0,1023.0,755.0,973.0
1774373200,212705722,23.0,156.0,783.0,1023.0,755.0,973.0
1774373200,223686505,23.0,156.0,783.0,1023.0,755.0,973.0
1774373200,230912884,23.0,156.0,783.0,1023.0,755.0,973.0
1774373200,240970016,23.0,156.0,783.0,1023.0,755.0,973.0
1774373200,251039980,23.0,157.0,784.0,1023.0,755.0,973.0
1774373200,260830370,23.0,157.0,783.0,1023.0,755.0,973.0
1774373200,271195687,24.0,157.0,783.0,1023.0,756.0,973.0
1774373200,281334615,24.0,157.0,783.0,1023.0,756.0,973.0
1774373200,291712951,24.0,156.0,783.0,1023.0,756.0,973.0
1774373200,300469244,24.0,156.0,783.0,1023.0,756.0,973.0
1774373200,310920044,24.0,156.0,783.0,1023.0,756.0,973.0
1774373200,321669363,23.0,156.0,783.0,1023.0,756.0,973.0
1774373200,330792694,23.0,156.0,783.0,1023.0,756.0,973.0
1774373200,341313309,24.0,156.0,783.0,1023.0,756.0,973.0
1774373200,352474389,23.0,157.0,783.0,1023.0,756.0,973.0
1774373200,362629928,23.0,157.0,783.0,1023.0,756.0,973.0
1774373200,370566458,24.0,157.0,783.0,1023.0,755.0,973.0
1774373200,381919206,23.0,157.0,783.0,1023.0,756.0,973.0
1774373200,391095500,24.0,158.0,783.0,1023.0,755.0,973.0
1774373200,401556577,24.0,158.0,783.0,1023.0,756.0,973.0
1774373200,411604671,23.0,159.0,783.0,1023.0,756.0,973.0
1774373200,422871770,23.0,158.0,783.0,1023.0,756.0,973.0
1774373200,430596948,23.0,158.0,783.0,1023.0,756.0,973.0
1774373200,440642505,23.0,158.0,783.0,1023.0,756.0,973.0
1774373200,452016938,24.0,158.0,783.0,1023.0,756.0,973.0
1774373200,461200973,24.0,158.0,783.0,1023.0,756.0,973.0
1774373200,471579291,24.0,158.0,783.0,1023.0,756.0,973.0
1774373200,481641292,24.0,158.0,783.0,1023.0,756.0,973.0
1774373200,491890221,24.0,157.0,783.0,1023.0,756.0,973.0
1774373200,502292390,24.0,157.0,783.0,1023.0,756.0,973.0
1774373200,512344373,24.0,158.0,783.0,1023.0,756.0,973.0
1774373200,520995962,24.0,158.0,783.0,1023.0,756.0,973.0
1774373200,531314909,24.0,158.0,783.0,1023.0,756.0,973.0
1774373200,542004561,24.0,156.0,783.0,1023.0,756.0,973.0
1774373200,552368916,24.0,157.0,783.0,1023.0,756.0,973.0
1774373200,562875438,24.0,156.0,783.0,1023.0,756.0,973.0
1774373200,571118359,24.0,157.0,783.0,1023.0,756.0,973.0
1774373200,582046789,24.0,157.0,783.0,1023.0,756.0,973.0
1774373200,591269566,24.0,158.0,783.0,1023.0,756.0,973.0
1774373200,602431868,24.0,158.0,783.0,1023.0,756.0,973.0
1774373200,612848130,24.0,158.0,783.0,1023.0,756.0,973.0
1774373200,621979647,23.0,158.0,783.0,1023.0,756.0,973.0
1774373200,631423590,24.0,157.0,783.0,1023.0,756.0,973.0
1774373200,641551574,24.0,157.0,783.0,1023.0,756.0,973.0
1774373200,650471460,24.0,157.0,783.0,1023.0,756.0,973.0
1774373200,660780388,24.0,158.0,783.0,1023.0,756.0,973.0
1774373200,671455744,24.0,159.0,783.0,1023.0,756.0,973.0
1774373200,681271652,23.0,158.0,783.0,1023.0,756.0,973.0
1774373200,692294917,23.0,158.0,783.0,1023.0,756.0,973.0
1774373200,700578023,23.0,158.0,783.0,1023.0,756.0,973.0
1774373200,711034489,23.0,157.0,783.0,1023.0,756.0,973.0
1774373200,722185828,23.0,157.0,783.0,1023.0,756.0,973.0
1774373200,731139881,24.0,157.0,783.0,1023.0,756.0,973.0
1774373200,741588791,24.0,158.0,783.0,1023.0,756.0,973.0
1774373200,752207740,24.0,158.0,783.0,1023.0,756.0,973.0
1774373200,761104811,24.0,157.0,783.0,1023.0,756.0,973.0
1774373200,770798718,24.0,158.0,783.0,1023.0,756.0,973.0
1774373200,782692357,24.0,158.0,783.0,1023.0,756.0,973.0
1774373200,791264575,23.0,157.0,783.0,1023.0,756.0,973.0
1774373200,801615707,24.0,158.0,783.0,1023.0,756.0,973.0
1774373200,811399486,24.0,159.0,783.0,1023.0,756.0,973.0
